step,timestamp,bandwidth_kbps_raw,bandwidth_bps,bandwidth_mbps
0,2018.01.19_07.31.51,21842.0,21842000.0,21.842
1,2018.01.19_07.31.52,20410.0,20410000.0,20.41
2,2018.01.19_07.31.53,28485.0,28485000.0,28.485
3,2018.01.19_07.31.54,14136.0,14136000.0,14.136
4,2018.01.19_07.31.56,15892.0,15892000.0,15.892
5,2018.01.19_07.31.57,10893.0,10893000.0,10.893
6,2018.01.19_07.31.58,10300.0,10300000.0,10.3
7,2018.01.19_07.31.59,12716.0,12716000.0,12.716
8,2018.01.19_07.32.00,17570.0,17570000.0,17.57
9,2018.01.19_07.32.01,22960.0,22960000.0,22.96
10,2018.01.19_07.32.02,31706.0,31706000.0,31.706
11,2018.01.19_07.32.03,25219.0,25219000.0,25.219
12,2018.01.19_07.32.04,26349.0,26349000.0,26.349
13,2018.01.19_07.32.06,30565.0,30565000.0,30.565
14,2018.01.19_07.32.07,35005.0,35005000.0,35.005
15,2018.01.19_07.32.08,33540.0,33540000.0,33.54
16,2018.01.19_07.32.09,30588.0,30588000.0,30.588
17,2018.01.19_07.32.10,11083.0,11083000.0,11.083
18,2018.01.19_07.32.11,8555.0,8555000.0,8.555
19,2018.01.19_07.32.12,10635.0,10635000.0,10.635
20,2018.01.19_07.32.13,19348.0,19348000.0,19.348
21,2018.01.19_07.32.14,24504.0,24504000.0,24.504
22,2018.01.19_07.32.15,33876.0,33876000.0,33.876
23,2018.01.19_07.32.17,41190.0,41190000.0,41.19
24,2018.01.19_07.32.18,35442.0,35442000.0,35.442
25,2018.01.19_07.32.19,30968.0,30968000.0,30.968
26,2018.01.19_07.32.20,32154.0,32154000.0,32.154
27,2018.01.19_07.32.21,31896.0,31896000.0,31.896
28,2018.01.19_07.32.22,11732.0,11732000.0,11.732
29,2018.01.19_07.32.23,10904.0,10904000.0,10.904
30,2018.01.19_07.32.24,7593.0,7593000.0,7.593
31,2018.01.19_07.32.25,9841.0,9841000.0,9.841
32,2018.01.19_07.32.27,16966.0,16966000.0,16.966
33,2018.01.19_07.32.28,32299.0,32299000.0,32.299
34,2018.01.19_07.32.29,26192.0,26192000.0,26.192
35,2018.01.19_07.32.30,34424.0,34424000.0,34.424
36,2018.01.19_07.32.31,35106.0,35106000.0,35.106
37,2018.01.19_07.32.32,33026.0,33026000.0,33.026
38,2018.01.19_07.32.33,14796.0,14796000.0,14.796
39,2018.01.19_07.32.34,12157.0,12157000.0,12.157
40,2018.01.19_07.32.35,21025.0,21025000.0,21.025
41,2018.01.19_07.32.37,27132.0,27132000.0,27.132
42,2018.01.19_07.32.38,35050.0,35050000.0,35.05
43,2018.01.19_07.32.39,34580.0,34580000.0,34.58
44,2018.01.19_07.32.40,33265.0,33265000.0,33.265
45,2018.01.19_07.32.41,35777.0,35777000.0,35.777
46,2018.01.19_07.32.42,35543.0,35543000.0,35.543
47,2018.01.19_07.32.43,24448.0,24448000.0,24.448
48,2018.01.19_07.32.44,10993.0,10993000.0,10.993
49,2018.01.19_07.32.45,22871.0,22871000.0,22.871
50,2018.01.19_07.32.46,33429.0,33429000.0,33.429
51,2018.01.19_07.32.48,41951.0,41951000.0,41.951
52,2018.01.19_07.32.49,47945.0,47945000.0,47.945
53,2018.01.19_07.32.50,51647.0,51647000.0,51.647
54,2018.01.19_07.32.51,46805.0,46805000.0,46.805
55,2018.01.19_07.32.52,48762.0,48762000.0,48.762
56,2018.01.19_07.32.53,30901.0,30901000.0,30.901
57,2018.01.19_07.32.54,19303.0,19303000.0,19.303
58,2018.01.19_07.32.55,33518.0,33518000.0,33.518
59,2018.01.19_07.32.56,44702.0,44702000.0,44.702
60,2018.01.19_07.32.57,45675.0,45675000.0,45.675
61,2018.01.19_07.32.59,44467.0,44467000.0,44.467
62,2018.01.19_07.33.00,47453.0,47453000.0,47.453
63,2018.01.19_07.33.01,52307.0,52307000.0,52.307
64,2018.01.19_07.33.02,43170.0,43170000.0,43.17
65,2018.01.19_07.33.03,43237.0,43237000.0,43.237
66,2018.01.19_07.33.04,26137.0,26137000.0,26.137
67,2018.01.19_07.33.05,27669.0,27669000.0,27.669
68,2018.01.19_07.33.06,39457.0,39457000.0,39.457
69,2018.01.19_07.33.07,29067.0,29067000.0,29.067
70,2018.01.19_07.33.08,37197.0,37197000.0,37.197
71,2018.01.19_07.33.09,23106.0,23106000.0,23.106
72,2018.01.19_07.33.11,27557.0,27557000.0,27.557
73,2018.01.19_07.33.12,31427.0,31427000.0,31.427
74,2018.01.19_07.33.13,33149.0,33149000.0,33.149
75,2018.01.19_07.33.14,27904.0,27904000.0,27.904
76,2018.01.19_07.33.15,18696.0,18696000.0,18.696
77,2018.01.19_07.33.16,17983.0,17983000.0,17.983
78,2018.01.19_07.33.17,17793.0,17793000.0,17.793
79,2018.01.19_07.33.18,22625.0,22625000.0,22.625
80,2018.01.19_07.33.19,19057.0,19057000.0,19.057
81,2018.01.19_07.33.21,26450.0,26450000.0,26.45
82,2018.01.19_07.33.22,26371.0,26371000.0,26.371
83,2018.01.19_07.33.23,18174.0,18174000.0,18.174
84,2018.01.19_07.33.24,15970.0,15970000.0,15.97
85,2018.01.19_07.33.25,11184.0,11184000.0,11.184
86,2018.01.19_07.33.26,13801.0,13801000.0,13.801
87,2018.01.19_07.33.27,14561.0,14561000.0,14.561
88,2018.01.19_07.33.28,15802.0,15802000.0,15.802
89,2018.01.19_07.33.29,24660.0,24660000.0,24.66
90,2018.01.19_07.33.31,18017.0,18017000.0,18.017
91,2018.01.19_07.33.32,24012.0,24012000.0,24.012
92,2018.01.19_07.33.33,20008.0,20008000.0,20.008
93,2018.01.19_07.33.34,19941.0,19941000.0,19.941
94,2018.01.19_07.33.35,9282.0,9282000.0,9.282
95,2018.01.19_07.33.36,9036.0,9036000.0,9.036
96,2018.01.19_07.33.37,12045.0,12045000.0,12.045
97,2018.01.19_07.33.38,11888.0,11888000.0,11.888
98,2018.01.19_07.33.40,8566.0,8566000.0,8.566
99,2018.01.19_07.33.41,20500.0,20500000.0,20.5
100,2018.01.19_07.33.42,15366.0,15366000.0,15.366
101,2018.01.19_07.33.43,9987.0,9987000.0,9.987
102,2018.01.19_07.33.44,9338.0,9338000.0,9.338
103,2018.01.19_07.33.45,6352.0,6352000.0,6.352
104,2018.01.19_07.33.46,8466.0,8466000.0,8.466
105,2018.01.19_07.33.47,7549.0,7549000.0,7.549
106,2018.01.19_07.33.49,17223.0,17223000.0,17.223
107,2018.01.19_07.33.50,12816.0,12816000.0,12.816
108,2018.01.19_07.33.51,16541.0,16541000.0,16.541
109,2018.01.19_07.33.52,22267.0,22267000.0,22.267
110,2018.01.19_07.33.53,20600.0,20600000.0,20.6
111,2018.01.19_07.33.54,15512.0,15512000.0,15.512
112,2018.01.19_07.33.55,19057.0,19057000.0,19.057
113,2018.01.19_07.33.56,17111.0,17111000.0,17.111
114,2018.01.19_07.33.57,8757.0,8757000.0,8.757
115,2018.01.19_07.33.59,4048.0,4048000.0,4.048
116,2018.01.19_07.34.00,11463.0,11463000.0,11.463
117,2018.01.19_07.34.01,24280.0,24280000.0,24.28
118,2018.01.19_07.34.02,24996.0,24996000.0,24.996
119,2018.01.19_07.34.03,23005.0,23005000.0,23.005
120,2018.01.19_07.34.04,23229.0,23229000.0,23.229
121,2018.01.19_07.34.05,21305.0,21305000.0,21.305
122,2018.01.19_07.34.06,14986.0,14986000.0,14.986
123,2018.01.19_07.34.08,10222.0,10222000.0,10.222
124,2018.01.19_07.34.09,9586.0,9586000.0,9.586
125,2018.01.19_07.34.10,13614.0,13614000.0,13.614
126,2018.01.19_07.34.11,13901.0,13901000.0,13.901
127,2018.01.19_07.34.12,20959.0,20959000.0,20.959
128,2018.01.19_07.34.13,31197.0,31197000.0,31.197
129,2018.01.19_07.34.14,32556.0,32556000.0,32.556
130,2018.01.19_07.34.15,31371.0,31371000.0,31.371
131,2018.01.19_07.34.16,30331.0,30331000.0,30.331
132,2018.01.19_07.34.17,30588.0,30588000.0,30.588
133,2018.01.19_07.34.19,32702.0,32702000.0,32.702
134,2018.01.19_07.34.20,24930.0,24930000.0,24.93
135,2018.01.19_07.34.21,21115.0,21115000.0,21.115
136,2018.01.19_07.34.22,28352.0,28352000.0,28.352
137,2018.01.19_07.34.23,35363.0,35363000.0,35.363
138,2018.01.19_07.34.24,38888.0,38888000.0,38.888
139,2018.01.19_07.34.25,44691.0,44691000.0,44.691
140,2018.01.19_07.34.26,38361.0,38361000.0,38.361
141,2018.01.19_07.34.27,34379.0,34379000.0,34.379
142,2018.01.19_07.34.29,21596.0,21596000.0,21.596
143,2018.01.19_07.34.30,11754.0,11754000.0,11.754
144,2018.01.19_07.34.31,11698.0,11698000.0,11.698
145,2018.01.19_07.34.32,15077.0,15077000.0,15.077
146,2018.01.19_07.34.33,14315.0,14315000.0,14.315
147,2018.01.19_07.34.34,22289.0,22289000.0,22.289
148,2018.01.19_07.34.35,29402.0,29402000.0,29.402
149,2018.01.19_07.34.36,25275.0,25275000.0,25.275
150,2018.01.19_07.34.37,25443.0,25443000.0,25.443
151,2018.01.19_07.34.39,17424.0,17424000.0,17.424
152,2018.01.19_07.34.40,14226.0,14226000.0,14.226
153,2018.01.19_07.34.41,14539.0,14539000.0,14.539
154,2018.01.19_07.34.42,18520.0,18520000.0,18.52
155,2018.01.19_07.34.43,24012.0,24012000.0,24.012
156,2018.01.19_07.34.44,29637.0,29637000.0,29.637
157,2018.01.19_07.34.45,21238.0,21238000.0,21.238
158,2018.01.19_07.34.46,20600.0,20600000.0,20.6
159,2018.01.19_07.34.47,23307.0,23307000.0,23.307
160,2018.01.19_07.34.48,29525.0,29525000.0,29.525
161,2018.01.19_07.34.50,56881.0,56881000.0,56.881
162,2018.01.19_07.34.51,46223.0,46223000.0,46.223
163,2018.01.19_07.34.52,44344.0,44344000.0,44.344
164,2018.01.19_07.34.53,41246.0,41246000.0,41.246
165,2018.01.19_07.34.54,42219.0,42219000.0,42.219
166,2018.01.19_07.34.55,57989.0,57989000.0,57.989
167,2018.01.19_07.34.56,55886.0,55886000.0,55.886
168,2018.01.19_07.34.57,59297.0,59297000.0,59.297
169,2018.01.19_07.34.58,61813.0,61813000.0,61.813
170,2018.01.19_07.34.59,53839.0,53839000.0,53.839
171,2018.01.19_07.35.00,43326.0,43326000.0,43.326
172,2018.01.19_07.35.02,56837.0,56837000.0,56.837
173,2018.01.19_07.35.03,62876.0,62876000.0,62.876
174,2018.01.19_07.35.04,63469.0,63469000.0,63.469
175,2018.01.19_07.35.05,53515.0,53515000.0,53.515
176,2018.01.19_07.35.06,51781.0,51781000.0,51.781
177,2018.01.19_07.35.07,36683.0,36683000.0,36.683
178,2018.01.19_07.35.08,40385.0,40385000.0,40.385
179,2018.01.19_07.35.09,21921.0,21921000.0,21.921
180,2018.01.19_07.35.10,25611.0,25611000.0,25.611
181,2018.01.19_07.35.11,34905.0,34905000.0,34.905
182,2018.01.19_07.35.12,37276.0,37276000.0,37.276
183,2018.01.19_07.35.14,52006.0,52006000.0,52.006
184,2018.01.19_07.35.15,49690.0,49690000.0,49.69
185,2018.01.19_07.35.16,19202.0,19202000.0,19.202
186,2018.01.19_07.35.17,24962.0,24962000.0,24.962
187,2018.01.19_07.35.18,21618.0,21618000.0,21.618
188,2018.01.19_07.35.19,20992.0,20992000.0,20.992
189,2018.01.19_07.35.20,11184.0,11184000.0,11.184
190,2018.01.19_07.35.21,8164.0,8164000.0,8.164
191,2018.01.19_07.35.22,14070.0,14070000.0,14.07
192,2018.01.19_07.35.24,14203.0,14203000.0,14.203
193,2018.01.19_07.35.25,14103.0,14103000.0,14.103
194,2018.01.19_07.35.26,11463.0,11463000.0,11.463
195,2018.01.19_07.35.27,12067.0,12067000.0,12.067
196,2018.01.19_07.35.28,15993.0,15993000.0,15.993
197,2018.01.19_07.35.29,15568.0,15568000.0,15.568
198,2018.01.19_07.35.30,11553.0,11553000.0,11.553
199,2018.01.19_07.35.31,4015.0,4015000.0,4.015
200,2018.01.19_07.35.32,3512.0,3512000.0,3.512
201,2018.01.19_07.35.34,6978.0,6978000.0,6.978
202,2018.01.19_07.35.35,7772.0,7772000.0,7.772
203,2018.01.19_07.35.36,8689.0,8689000.0,8.689
204,2018.01.19_07.35.37,10635.0,10635000.0,10.635
205,2018.01.19_07.35.38,13141.0,13141000.0,13.141
206,2018.01.19_07.35.39,19415.0,19415000.0,19.415
207,2018.01.19_07.35.40,15724.0,15724000.0,15.724
208,2018.01.19_07.35.41,15333.0,15333000.0,15.333
209,2018.01.19_07.35.43,10177.0,10177000.0,10.177
210,2018.01.19_07.35.44,13868.0,13868000.0,13.868
211,2018.01.19_07.35.45,21070.0,21070000.0,21.07
212,2018.01.19_07.35.46,23631.0,23631000.0,23.631
213,2018.01.19_07.35.47,21529.0,21529000.0,21.529
214,2018.01.19_07.35.48,21305.0,21305000.0,21.305
215,2018.01.19_07.35.49,27624.0,27624000.0,27.624
216,2018.01.19_07.35.50,36582.0,36582000.0,36.582
217,2018.01.19_07.35.51,48784.0,48784000.0,48.784
218,2018.01.19_07.35.53,26472.0,26472000.0,26.472
219,2018.01.19_07.35.54,18576.0,18576000.0,18.576
220,2018.01.19_07.35.55,27054.0,27054000.0,27.054
221,2018.01.19_07.35.56,42756.0,42756000.0,42.756
222,2018.01.19_07.35.57,42555.0,42555000.0,42.555
223,2018.01.19_07.35.58,43528.0,43528000.0,43.528
224,2018.01.19_07.35.59,33585.0,33585000.0,33.585
225,2018.01.19_07.36.00,34905.0,34905000.0,34.905
226,2018.01.19_07.36.01,25521.0,25521000.0,25.521
227,2018.01.19_07.36.02,25521.0,25521000.0,25.521
228,2018.01.19_07.36.02,23240.0,23240000.0,23.24
229,2018.01.19_07.36.04,30386.0,30386000.0,30.386
230,2018.01.19_07.36.05,27836.0,27836000.0,27.836
231,2018.01.19_07.36.06,16865.0,16865000.0,16.865
232,2018.01.19_07.36.07,24470.0,24470000.0,24.47
233,2018.01.19_07.36.08,21372.0,21372000.0,21.372
234,2018.01.19_07.36.09,13163.0,13163000.0,13.163
235,2018.01.19_07.36.10,23620.0,23620000.0,23.62
236,2018.01.19_07.36.11,27479.0,27479000.0,27.479
237,2018.01.19_07.36.12,20970.0,20970000.0,20.97
238,2018.01.19_07.36.13,26964.0,26964000.0,26.964
239,2018.01.19_07.36.15,7807.0,7807000.0,7.807
240,2018.01.19_07.36.16,10637.0,10637000.0,10.637
241,2018.01.19_07.36.17,22088.0,22088000.0,22.088
242,2018.01.19_07.36.18,28597.0,28597000.0,28.597
243,2018.01.19_07.36.19,25287.0,25287000.0,25.287
244,2018.01.19_07.36.20,29682.0,29682000.0,29.682
245,2018.01.19_07.36.21,30912.0,30912000.0,30.912
246,2018.01.19_07.36.22,34592.0,34592000.0,34.592
247,2018.01.19_07.36.23,26483.0,26483000.0,26.483
248,2018.01.19_07.36.24,16395.0,16395000.0,16.395
249,2018.01.19_07.36.26,36963.0,36963000.0,36.963
250,2018.01.19_07.36.27,60572.0,60572000.0,60.572
251,2018.01.19_07.36.28,56143.0,56143000.0,56.143
252,2018.01.19_07.36.29,43091.0,43091000.0,43.091
253,2018.01.19_07.36.30,50383.0,50383000.0,50.383
254,2018.01.19_07.36.31,48930.0,48930000.0,48.93
255,2018.01.19_07.36.32,26662.0,26662000.0,26.662
256,2018.01.19_07.36.33,14337.0,14337000.0,14.337
257,2018.01.19_07.36.34,10434.0,10434000.0,10.434
258,2018.01.19_07.36.35,7157.0,7157000.0,7.157
259,2018.01.19_07.36.37,11463.0,11463000.0,11.463
260,2018.01.19_07.36.38,25309.0,25309000.0,25.309
261,2018.01.19_07.36.39,43282.0,43282000.0,43.282
262,2018.01.19_07.36.40,45698.0,45698000.0,45.698
263,2018.01.19_07.36.41,35732.0,35732000.0,35.732
264,2018.01.19_07.36.42,42186.0,42186000.0,42.186
265,2018.01.19_07.36.43,48997.0,48997000.0,48.997
266,2018.01.19_07.36.44,51122.0,51122000.0,51.122
267,2018.01.19_07.36.45,45507.0,45507000.0,45.507
268,2018.01.19_07.36.46,33518.0,33518000.0,33.518
269,2018.01.19_07.36.47,39725.0,39725000.0,39.725
270,2018.01.19_07.36.49,39166.0,39166000.0,39.166
271,2018.01.19_07.36.50,36504.0,36504000.0,36.504
272,2018.01.19_07.36.51,24515.0,24515000.0,24.515
273,2018.01.19_07.36.52,29536.0,29536000.0,29.536
274,2018.01.19_07.36.53,29212.0,29212000.0,29.212
275,2018.01.19_07.36.54,31069.0,31069000.0,31.069
276,2018.01.19_07.36.55,23061.0,23061000.0,23.061
277,2018.01.19_07.36.56,31404.0,31404000.0,31.404
278,2018.01.19_07.36.57,29279.0,29279000.0,29.279
279,2018.01.19_07.36.58,32925.0,32925000.0,32.925
280,2018.01.19_07.37.00,18833.0,18833000.0,18.833
281,2018.01.19_07.37.01,30040.0,30040000.0,30.04
282,2018.01.19_07.37.02,25096.0,25096000.0,25.096
283,2018.01.19_07.37.03,18654.0,18654000.0,18.654
284,2018.01.19_07.37.04,24213.0,24213000.0,24.213
285,2018.01.19_07.37.05,26271.0,26271000.0,26.271
286,2018.01.19_07.37.06,28977.0,28977000.0,28.977
287,2018.01.19_07.37.08,23531.0,23531000.0,23.531
288,2018.01.19_07.37.09,31784.0,31784000.0,31.784
289,2018.01.19_07.37.10,36896.0,36896000.0,36.896
290,2018.01.19_07.37.11,28686.0,28686000.0,28.686
291,2018.01.19_07.37.12,34133.0,34133000.0,34.133
292,2018.01.19_07.37.13,24079.0,24079000.0,24.079
293,2018.01.19_07.37.14,33540.0,33540000.0,33.54
294,2018.01.19_07.37.15,26987.0,26987000.0,26.987
295,2018.01.19_07.37.16,24940.0,24940000.0,24.94
296,2018.01.19_07.37.17,14483.0,14483000.0,14.483
297,2018.01.19_07.37.18,8253.0,8253000.0,8.253
298,2018.01.19_07.37.20,11553.0,11553000.0,11.553
299,2018.01.19_07.37.20,11553.0,11553000.0,11.553
300,2018.01.19_07.37.21,5983.0,5983000.0,5.983
301,2018.01.19_07.37.22,7605.0,7605000.0,7.605
302,2018.01.19_07.37.23,3701.0,3701000.0,3.701
303,2018.01.19_07.37.24,4764.0,4764000.0,4.764
304,2018.01.19_07.37.25,5435.0,5435000.0,5.435
305,2018.01.19_07.37.26,3467.0,3467000.0,3.467
306,2018.01.19_07.37.27,2896.0,2896000.0,2.896
307,2018.01.19_07.37.29,4205.0,4205000.0,4.205
308,2018.01.19_07.37.30,4820.0,4820000.0,4.82
309,2018.01.19_07.37.31,8320.0,8320000.0,8.32
310,2018.01.19_07.37.32,5178.0,5178000.0,5.178
311,2018.01.19_07.37.33,4630.0,4630000.0,4.63
312,2018.01.19_07.37.34,4686.0,4686000.0,4.686
313,2018.01.19_07.37.35,13398.0,13398000.0,13.398
314,2018.01.19_07.37.36,19549.0,19549000.0,19.549
315,2018.01.19_07.37.38,26226.0,26226000.0,26.226
316,2018.01.19_07.37.39,38394.0,38394000.0,38.394
317,2018.01.19_07.37.40,35990.0,35990000.0,35.99
318,2018.01.19_07.37.41,40687.0,40687000.0,40.687
319,2018.01.19_07.37.42,45619.0,45619000.0,45.619
320,2018.01.19_07.37.43,50059.0,50059000.0,50.059
321,2018.01.19_07.37.44,53470.0,53470000.0,53.47
322,2018.01.19_07.37.45,39378.0,39378000.0,39.378
323,2018.01.19_07.37.46,40810.0,40810000.0,40.81
324,2018.01.19_07.37.47,45753.0,45753000.0,45.753
325,2018.01.19_07.37.48,55696.0,55696000.0,55.696
326,2018.01.19_07.37.50,58145.0,58145000.0,58.145
327,2018.01.19_07.37.51,28541.0,28541000.0,28.541
328,2018.01.19_07.37.52,33250.0,33250000.0,33.25
329,2018.01.19_07.37.53,53124.0,53124000.0,53.124
330,2018.01.19_07.37.54,83287.0,83287000.0,83.287
331,2018.01.19_07.37.55,87492.0,87492000.0,87.492
332,2018.01.19_07.37.56,78030.0,78030000.0,78.03
333,2018.01.19_07.37.57,85278.0,85278000.0,85.278
334,2018.01.19_07.37.58,72673.0,72673000.0,72.673
335,2018.01.19_07.37.59,60483.0,60483000.0,60.483
336,2018.01.19_07.38.00,55193.0,55193000.0,55.193
337,2018.01.19_07.38.02,30867.0,30867000.0,30.867
338,2018.01.19_07.38.03,28899.0,28899000.0,28.899
339,2018.01.19_07.38.04,51703.0,51703000.0,51.703
340,2018.01.19_07.38.05,52274.0,52274000.0,52.274
341,2018.01.19_07.38.06,54287.0,54287000.0,54.287
342,2018.01.19_07.38.07,45742.0,45742000.0,45.742
343,2018.01.19_07.38.08,53940.0,53940000.0,53.94
344,2018.01.19_07.38.09,28698.0,28698000.0,28.698
345,2018.01.19_07.38.10,15836.0,15836000.0,15.836
346,2018.01.19_07.38.11,30084.0,30084000.0,30.084
347,2018.01.19_07.38.13,43874.0,43874000.0,43.874
348,2018.01.19_07.38.14,55170.0,55170000.0,55.17
349,2018.01.19_07.38.15,54801.0,54801000.0,54.801
350,2018.01.19_07.38.16,45641.0,45641000.0,45.641
351,2018.01.19_07.38.17,48784.0,48784000.0,48.784
352,2018.01.19_07.38.18,55774.0,55774000.0,55.774
353,2018.01.19_07.38.19,38047.0,38047000.0,38.047
354,2018.01.19_07.38.20,30398.0,30398000.0,30.398
355,2018.01.19_07.38.21,36146.0,36146000.0,36.146
356,2018.01.19_07.38.22,28105.0,28105000.0,28.105
357,2018.01.19_07.38.23,13745.0,13745000.0,13.745
358,2018.01.19_07.38.25,24593.0,24593000.0,24.593
359,2018.01.19_07.38.26,23620.0,23620000.0,23.62
360,2018.01.19_07.38.27,25175.0,25175000.0,25.175
361,2018.01.19_07.38.28,31013.0,31013000.0,31.013
362,2018.01.19_07.38.29,23531.0,23531000.0,23.531
363,2018.01.19_07.38.30,23140.0,23140000.0,23.14
364,2018.01.19_07.38.31,50495.0,50495000.0,50.495
365,2018.01.19_07.38.32,42547.0,42547000.0,42.547
366,2018.01.19_07.38.33,57452.0,57452000.0,57.452
367,2018.01.19_07.38.35,25219.0,25219000.0,25.219
368,2018.01.19_07.38.36,36806.0,36806000.0,36.806
369,2018.01.19_07.38.37,59029.0,59029000.0,59.029
370,2018.01.19_07.38.38,48728.0,48728000.0,48.728
371,2018.01.19_07.38.39,34793.0,34793000.0,34.793
372,2018.01.19_07.38.40,51166.0,51166000.0,51.166
373,2018.01.19_07.38.41,47084.0,47084000.0,47.084
374,2018.01.19_07.38.42,36113.0,36113000.0,36.113
375,2018.01.19_07.38.43,56736.0,56736000.0,56.736
376,2018.01.19_07.38.44,68960.0,68960000.0,68.96
377,2018.01.19_07.38.46,66265.0,66265000.0,66.265
378,2018.01.19_07.38.47,44322.0,44322000.0,44.322
379,2018.01.19_07.38.48,50909.0,50909000.0,50.909
380,2018.01.19_07.38.49,73065.0,73065000.0,73.065
381,2018.01.19_07.38.50,81318.0,81318000.0,81.318
382,2018.01.19_07.38.51,100633.0,100633000.0,100.633
383,2018.01.19_07.38.52,79820.0,79820000.0,79.82
384,2018.01.19_07.38.53,57608.0,57608000.0,57.608
385,2018.01.19_07.38.54,62473.0,62473000.0,62.473
386,2018.01.19_07.38.55,60114.0,60114000.0,60.114
387,2018.01.19_07.38.56,59946.0,59946000.0,59.946
388,2018.01.19_07.38.57,75033.0,75033000.0,75.033
389,2018.01.19_07.38.58,68815.0,68815000.0,68.815
390,2018.01.19_07.39.00,61377.0,61377000.0,61.377
391,2018.01.19_07.39.01,70761.0,70761000.0,70.761
392,2018.01.19_07.39.02,78310.0,78310000.0,78.31
393,2018.01.19_07.39.03,76465.0,76465000.0,76.465
394,2018.01.19_07.39.04,65851.0,65851000.0,65.851
395,2018.01.19_07.39.05,37611.0,37611000.0,37.611
396,2018.01.19_07.39.06,21898.0,21898000.0,21.898
397,2018.01.19_07.39.07,21898.0,21898000.0,21.898
398,2018.01.19_07.39.07,46066.0,46066000.0,46.066
399,2018.01.19_07.39.08,58794.0,58794000.0,58.794
400,2018.01.19_07.39.09,38204.0,38204000.0,38.204
401,2018.01.19_07.39.10,37734.0,37734000.0,37.734
402,2018.01.19_07.39.12,37869.0,37869000.0,37.869
403,2018.01.19_07.39.13,43550.0,43550000.0,43.55
404,2018.01.19_07.39.14,50797.0,50797000.0,50.797
405,2018.01.19_07.39.15,51177.0,51177000.0,51.177
406,2018.01.19_07.39.16,46749.0,46749000.0,46.749
407,2018.01.19_07.39.17,37600.0,37600000.0,37.6
408,2018.01.19_07.39.18,37432.0,37432000.0,37.432
409,2018.01.19_07.39.19,21719.0,21719000.0,21.719
410,2018.01.19_07.39.20,31784.0,31784000.0,31.784
411,2018.01.19_07.39.21,44702.0,44702000.0,44.702
412,2018.01.19_07.39.22,35744.0,35744000.0,35.744
413,2018.01.19_07.39.24,31572.0,31572000.0,31.572
414,2018.01.19_07.39.25,27725.0,27725000.0,27.725
415,2018.01.19_07.39.26,35542.0,35542000.0,35.542
416,2018.01.19_07.39.27,33719.0,33719000.0,33.719
417,2018.01.19_07.39.28,14762.0,14762000.0,14.762
418,2018.01.19_07.39.29,27803.0,27803000.0,27.803
419,2018.01.19_07.39.30,20690.0,20690000.0,20.69
420,2018.01.19_07.39.31,13185.0,13185000.0,13.185
421,2018.01.19_07.39.32,19773.0,19773000.0,19.773
422,2018.01.19_07.39.34,26450.0,26450000.0,26.45
423,2018.01.19_07.39.35,24973.0,24973000.0,24.973
424,2018.01.19_07.39.36,15679.0,15679000.0,15.679
425,2018.01.19_07.39.37,19135.0,19135000.0,19.135
426,2018.01.19_07.39.38,20310.0,20310000.0,20.31
427,2018.01.19_07.39.39,24325.0,24325000.0,24.325
428,2018.01.19_07.39.40,23363.0,23363000.0,23.363
429,2018.01.19_07.39.41,22748.0,22748000.0,22.748
430,2018.01.19_07.39.42,25242.0,25242000.0,25.242
431,2018.01.19_07.39.43,25790.0,25790000.0,25.79
432,2018.01.19_07.39.45,21093.0,21093000.0,21.093
433,2018.01.19_07.39.46,15199.0,15199000.0,15.199
434,2018.01.19_07.39.47,9786.0,9786000.0,9.786
435,2018.01.19_07.39.48,11832.0,11832000.0,11.832
436,2018.01.19_07.39.49,7113.0,7113000.0,7.113
437,2018.01.19_07.39.50,12056.0,12056000.0,12.056
438,2018.01.19_07.39.51,10546.0,10546000.0,10.546
439,2018.01.19_07.39.52,10412.0,10412000.0,10.412
440,2018.01.19_07.39.54,17916.0,17916000.0,17.916
441,2018.01.19_07.39.55,24000.0,24000000.0,24.0
442,2018.01.19_07.39.56,27445.0,27445000.0,27.445
443,2018.01.19_07.39.57,17804.0,17804000.0,17.804
444,2018.01.19_07.39.58,5625.0,5625000.0,5.625
445,2018.01.19_07.39.59,3254.0,3254000.0,3.254
446,2018.01.19_07.40.00,5659.0,5659000.0,5.659
447,2018.01.19_07.40.01,12760.0,12760000.0,12.76
448,2018.01.19_07.40.02,17804.0,17804000.0,17.804
449,2018.01.19_07.40.04,18319.0,18319000.0,18.319
450,2018.01.19_07.40.05,15825.0,15825000.0,15.825
451,2018.01.19_07.40.06,7068.0,7068000.0,7.068
452,2018.01.19_07.40.07,15659.0,15659000.0,15.659
453,2018.01.19_07.40.08,14416.0,14416000.0,14.416
454,2018.01.19_07.40.09,24031.0,24031000.0,24.031
455,2018.01.19_07.40.10,24537.0,24537000.0,24.537
456,2018.01.19_07.40.11,12872.0,12872000.0,12.872
457,2018.01.19_07.40.13,20701.0,20701000.0,20.701
458,2018.01.19_07.40.14,14885.0,14885000.0,14.885
459,2018.01.19_07.40.15,28888.0,28888000.0,28.888
460,2018.01.19_07.40.16,24369.0,24369000.0,24.369
461,2018.01.19_07.40.17,27266.0,27266000.0,27.266
462,2018.01.19_07.40.18,30688.0,30688000.0,30.688
463,2018.01.19_07.40.19,29469.0,29469000.0,29.469
464,2018.01.19_07.40.20,27423.0,27423000.0,27.423
465,2018.01.19_07.40.21,22099.0,22099000.0,22.099
466,2018.01.19_07.40.22,19147.0,19147000.0,19.147
467,2018.01.19_07.40.24,13912.0,13912000.0,13.912
468,2018.01.19_07.40.25,16116.0,16116000.0,16.116
469,2018.01.19_07.40.26,13096.0,13096000.0,13.096
470,2018.01.19_07.40.27,10524.0,10524000.0,10.524
471,2018.01.19_07.40.28,8969.0,8969000.0,8.969
472,2018.01.19_07.40.29,6643.0,6643000.0,6.643
473,2018.01.19_07.40.30,5636.0,5636000.0,5.636
474,2018.01.19_07.40.31,5905.0,5905000.0,5.905
475,2018.01.19_07.40.33,7336.0,7336000.0,7.336
476,2018.01.19_07.40.34,6106.0,6106000.0,6.106
477,2018.01.19_07.40.35,4719.0,4719000.0,4.719
478,2018.01.19_07.40.36,3657.0,3657000.0,3.657
479,2018.01.19_07.40.37,1543.0,1543000.0,1.543
480,2018.01.19_07.40.38,5905.0,5905000.0,5.905
481,2018.01.19_07.40.39,4059.0,4059000.0,4.059
482,2018.01.19_07.40.40,3578.0,3578000.0,3.578
483,2018.01.19_07.40.42,9372.0,9372000.0,9.372
484,2018.01.19_07.40.43,11541.0,11541000.0,11.541
485,2018.01.19_07.40.44,11452.0,11452000.0,11.452
486,2018.01.19_07.40.45,12604.0,12604000.0,12.604
487,2018.01.19_07.40.46,13107.0,13107000.0,13.107
488,2018.01.19_07.40.47,14662.0,14662000.0,14.662
489,2018.01.19_07.40.48,20824.0,20824000.0,20.824
490,2018.01.19_07.40.50,21741.0,21741000.0,21.741
491,2018.01.19_07.40.51,20108.0,20108000.0,20.108
492,2018.01.19_07.40.52,16037.0,16037000.0,16.037
493,2018.01.19_07.40.53,9953.0,9953000.0,9.953
494,2018.01.19_07.40.53,9953.0,9953000.0,9.953
495,2018.01.19_07.40.54,13376.0,13376000.0,13.376
496,2018.01.19_07.40.55,10725.0,10725000.0,10.725
497,2018.01.19_07.40.56,10837.0,10837000.0,10.837
498,2018.01.19_07.40.57,8936.0,8936000.0,8.936
499,2018.01.19_07.40.59,9685.0,9685000.0,9.685
500,2018.01.19_07.41.00,10937.0,10937000.0,10.937
501,2018.01.19_07.41.01,15892.0,15892000.0,15.892
502,2018.01.19_07.41.02,19840.0,19840000.0,19.84
503,2018.01.19_07.41.03,26237.0,26237000.0,26.237
504,2018.01.19_07.41.04,15299.0,15299000.0,15.299
505,2018.01.19_07.41.05,13532.0,13532000.0,13.532
506,2018.01.19_07.41.06,9036.0,9036000.0,9.036
507,2018.01.19_07.41.07,16093.0,16093000.0,16.093
508,2018.01.19_07.41.08,22558.0,22558000.0,22.558
509,2018.01.19_07.41.10,17648.0,17648000.0,17.648
510,2018.01.19_07.41.11,15355.0,15355000.0,15.355
511,2018.01.19_07.41.12,27031.0,27031000.0,27.031
512,2018.01.19_07.41.13,26002.0,26002000.0,26.002
513,2018.01.19_07.41.14,13812.0,13812000.0,13.812
514,2018.01.19_07.41.15,8511.0,8511000.0,8.511
515,2018.01.19_07.41.18,5793.0,5793000.0,5.793
516,2018.01.19_07.41.19,20545.0,20545000.0,20.545
517,2018.01.19_07.41.20,34569.0,34569000.0,34.569
518,2018.01.19_07.41.21,30006.0,30006000.0,30.006
519,2018.01.19_07.41.22,23553.0,23553000.0,23.553
520,2018.01.19_07.41.23,28485.0,28485000.0,28.485
521,2018.01.19_07.41.24,28955.0,28955000.0,28.955
522,2018.01.19_07.41.25,13935.0,13935000.0,13.935
523,2018.01.19_07.41.26,13812.0,13812000.0,13.812
524,2018.01.19_07.41.28,32332.0,32332000.0,32.332
525,2018.01.19_07.41.29,50272.0,50272000.0,50.272
526,2018.01.19_07.41.30,12582.0,12582000.0,12.582
527,2018.01.19_07.41.31,26327.0,26327000.0,26.327
528,2018.01.19_07.41.32,38271.0,38271000.0,38.271
529,2018.01.19_07.41.33,35229.0,35229000.0,35.229
530,2018.01.19_07.41.34,22368.0,22368000.0,22.368
531,2018.01.19_07.41.35,22245.0,22245000.0,22.245
532,2018.01.19_07.41.36,29044.0,29044000.0,29.044
533,2018.01.19_07.41.38,18945.0,18945000.0,18.945
534,2018.01.19_07.41.39,15243.0,15243000.0,15.243
535,2018.01.19_07.41.40,24045.0,24045000.0,24.045
536,2018.01.19_07.41.41,29570.0,29570000.0,29.57
537,2018.01.19_07.41.42,29626.0,29626000.0,29.626
538,2018.01.19_07.41.43,20399.0,20399000.0,20.399
539,2018.01.19_07.41.44,18375.0,18375000.0,18.375
540,2018.01.19_07.41.45,16272.0,16272000.0,16.272
541,2018.01.19_07.41.47,15288.0,15288000.0,15.288
542,2018.01.19_07.41.48,21126.0,21126000.0,21.126
543,2018.01.19_07.41.49,22468.0,22468000.0,22.468
544,2018.01.19_07.41.50,22826.0,22826000.0,22.826
545,2018.01.19_07.41.51,12559.0,12559000.0,12.559
546,2018.01.19_07.41.52,30017.0,30017000.0,30.017
547,2018.01.19_07.41.53,30308.0,30308000.0,30.308
548,2018.01.19_07.41.55,29324.0,29324000.0,29.324
549,2018.01.19_07.41.56,25432.0,25432000.0,25.432
550,2018.01.19_07.41.57,23173.0,23173000.0,23.173
551,2018.01.19_07.41.58,24437.0,24437000.0,24.437
552,2018.01.19_07.41.59,20835.0,20835000.0,20.835
553,2018.01.19_07.42.00,16440.0,16440000.0,16.44
554,2018.01.19_07.42.01,18733.0,18733000.0,18.733
555,2018.01.19_07.42.02,19650.0,19650000.0,19.65
556,2018.01.19_07.42.03,17939.0,17939000.0,17.939
557,2018.01.19_07.42.05,32400.0,32400000.0,32.4
558,2018.01.19_07.42.06,25499.0,25499000.0,25.499
559,2018.01.19_07.42.07,19247.0,19247000.0,19.247
560,2018.01.19_07.42.08,20679.0,20679000.0,20.679
561,2018.01.19_07.42.09,22234.0,22234000.0,22.234
562,2018.01.19_07.42.10,32406.0,32406000.0,32.406
563,2018.01.19_07.42.11,23251.0,23251000.0,23.251
564,2018.01.19_07.42.12,16708.0,16708000.0,16.708
565,2018.01.19_07.42.13,16295.0,16295000.0,16.295
566,2018.01.19_07.42.15,10457.0,10457000.0,10.457
567,2018.01.19_07.42.16,12000.0,12000000.0,12.0
568,2018.01.19_07.42.17,5737.0,5737000.0,5.737
569,2018.01.19_07.42.18,9338.0,9338000.0,9.338
570,2018.01.19_07.42.19,13197.0,13197000.0,13.197
571,2018.01.19_07.42.20,22591.0,22591000.0,22.591
572,2018.01.19_07.42.21,24157.0,24157000.0,24.157
573,2018.01.19_07.42.22,23777.0,23777000.0,23.777
574,2018.01.19_07.42.23,28664.0,28664000.0,28.664
575,2018.01.19_07.42.24,35408.0,35408000.0,35.408
576,2018.01.19_07.42.26,31024.0,31024000.0,31.024
577,2018.01.19_07.42.27,43091.0,43091000.0,43.091
578,2018.01.19_07.42.28,35341.0,35341000.0,35.341
579,2018.01.19_07.42.29,33820.0,33820000.0,33.82
580,2018.01.19_07.42.30,19907.0,19907000.0,19.907
581,2018.01.19_07.42.31,21104.0,21104000.0,21.104
582,2018.01.19_07.42.32,17916.0,17916000.0,17.916
583,2018.01.19_07.42.33,23821.0,23821000.0,23.821
584,2018.01.19_07.42.34,22256.0,22256000.0,22.256
585,2018.01.19_07.42.36,11519.0,11519000.0,11.519
586,2018.01.19_07.42.37,15881.0,15881000.0,15.881
587,2018.01.19_07.42.38,19169.0,19169000.0,19.169
588,2018.01.19_07.42.39,11374.0,11374000.0,11.374
589,2018.01.19_07.42.40,19784.0,19784000.0,19.784
590,2018.01.19_07.42.41,17391.0,17391000.0,17.391
591,2018.01.19_07.42.42,20779.0,20779000.0,20.779
592,2018.01.19_07.42.43,23687.0,23687000.0,23.687
593,2018.01.19_07.42.45,12224.0,12224000.0,12.224
594,2018.01.19_07.42.46,15802.0,15802000.0,15.802
595,2018.01.19_07.42.47,20489.0,20489000.0,20.489
596,2018.01.19_07.42.48,24750.0,24750000.0,24.75
597,2018.01.19_07.42.49,32321.0,32321000.0,32.321
598,2018.01.19_07.42.50,27926.0,27926000.0,27.926
599,2018.01.19_07.42.51,25040.0,25040000.0,25.04
600,2018.01.19_07.42.52,22412.0,22412000.0,22.412
601,2018.01.19_07.42.53,27210.0,27210000.0,27.21
602,2018.01.19_07.42.54,24470.0,24470000.0,24.47
603,2018.01.19_07.42.56,24839.0,24839000.0,24.839
604,2018.01.19_07.42.57,23318.0,23318000.0,23.318
605,2018.01.19_07.42.58,26438.0,26438000.0,26.438
606,2018.01.19_07.42.59,22848.0,22848000.0,22.848
607,2018.01.19_07.43.00,20455.0,20455000.0,20.455
608,2018.01.19_07.43.01,25119.0,25119000.0,25.119
609,2018.01.19_07.43.02,30230.0,30230000.0,30.23
610,2018.01.19_07.43.03,36974.0,36974000.0,36.974
611,2018.01.19_07.43.04,13778.0,13778000.0,13.778
612,2018.01.19_07.43.06,33697.0,33697000.0,33.697
613,2018.01.19_07.43.07,40776.0,40776000.0,40.776
614,2018.01.19_07.43.08,46201.0,46201000.0,46.201
615,2018.01.19_07.43.09,45407.0,45407000.0,45.407
616,2018.01.19_07.43.10,51155.0,51155000.0,51.155
617,2018.01.19_07.43.11,43002.0,43002000.0,43.002
618,2018.01.19_07.43.12,47319.0,47319000.0,47.319
619,2018.01.19_07.43.13,47431.0,47431000.0,47.431
620,2018.01.19_07.43.14,42163.0,42163000.0,42.163
621,2018.01.19_07.43.15,34278.0,34278000.0,34.278
622,2018.01.19_07.43.17,37298.0,37298000.0,37.298
623,2018.01.19_07.43.18,33596.0,33596000.0,33.596
624,2018.01.19_07.43.19,31091.0,31091000.0,31.091
625,2018.01.19_07.43.20,21450.0,21450000.0,21.45
626,2018.01.19_07.43.21,36113.0,36113000.0,36.113
627,2018.01.19_07.43.22,39535.0,39535000.0,39.535
628,2018.01.19_07.43.23,31169.0,31169000.0,31.169
629,2018.01.19_07.43.24,33037.0,33037000.0,33.037
630,2018.01.19_07.43.25,20421.0,20421000.0,20.421
631,2018.01.19_07.43.27,17245.0,17245000.0,17.245
632,2018.01.19_07.43.28,23833.0,23833000.0,23.833
633,2018.01.19_07.43.29,20768.0,20768000.0,20.768
634,2018.01.19_07.43.30,21182.0,21182000.0,21.182
635,2018.01.19_07.43.31,21931.0,21931000.0,21.931
636,2018.01.19_07.43.32,21249.0,21249000.0,21.249
637,2018.01.19_07.43.33,28586.0,28586000.0,28.586
638,2018.01.19_07.43.34,34167.0,34167000.0,34.167
639,2018.01.19_07.43.35,31382.0,31382000.0,31.382
640,2018.01.19_07.43.37,30409.0,30409000.0,30.409
641,2018.01.19_07.43.38,17435.0,17435000.0,17.435
642,2018.01.19_07.43.39,22379.0,22379000.0,22.379
643,2018.01.19_07.43.40,26998.0,26998000.0,26.998
644,2018.01.19_07.43.41,17245.0,17245000.0,17.245
645,2018.01.19_07.43.42,22916.0,22916000.0,22.916
646,2018.01.19_07.43.43,17581.0,17581000.0,17.581
647,2018.01.19_07.43.44,16194.0,16194000.0,16.194
648,2018.01.19_07.43.45,20466.0,20466000.0,20.466
649,2018.01.19_07.43.47,27859.0,27859000.0,27.859
650,2018.01.19_07.43.48,29212.0,29212000.0,29.212
651,2018.01.19_07.43.49,29179.0,29179000.0,29.179
652,2018.01.19_07.43.50,24325.0,24325000.0,24.325
653,2018.01.19_07.43.51,34323.0,34323000.0,34.323
654,2018.01.19_07.43.52,43751.0,43751000.0,43.751
655,2018.01.19_07.43.53,44020.0,44020000.0,44.02
656,2018.01.19_07.43.54,43259.0,43259000.0,43.259
657,2018.01.19_07.43.55,43259.0,43259000.0,43.259
658,2018.01.19_07.43.55,43919.0,43919000.0,43.919
659,2018.01.19_07.43.57,44680.0,44680000.0,44.68
660,2018.01.19_07.43.58,52341.0,52341000.0,52.341
661,2018.01.19_07.43.59,54600.0,54600000.0,54.6
662,2018.01.19_07.44.00,63905.0,63905000.0,63.905
663,2018.01.19_07.44.01,43997.0,43997000.0,43.997
664,2018.01.19_07.44.02,36448.0,36448000.0,36.448
665,2018.01.19_07.44.03,41727.0,41727000.0,41.727
666,2018.01.19_07.44.04,66075.0,66075000.0,66.075
667,2018.01.19_07.44.05,64822.0,64822000.0,64.822
668,2018.01.19_07.44.06,40161.0,40161000.0,40.161
669,2018.01.19_07.44.07,59700.0,59700000.0,59.7
670,2018.01.19_07.44.09,54321.0,54321000.0,54.321
671,2018.01.19_07.44.10,59510.0,59510000.0,59.51
672,2018.01.19_07.44.11,58112.0,58112000.0,58.112
673,2018.01.19_07.44.12,61344.0,61344000.0,61.344
674,2018.01.19_07.44.13,54197.0,54197000.0,54.197
675,2018.01.19_07.44.14,76006.0,76006000.0,76.006
676,2018.01.19_07.44.15,76498.0,76498000.0,76.498
677,2018.01.19_07.44.16,68490.0,68490000.0,68.49
678,2018.01.19_07.44.17,73982.0,73982000.0,73.982
679,2018.01.19_07.44.18,55998.0,55998000.0,55.998
680,2018.01.19_07.44.19,72338.0,72338000.0,72.338
681,2018.01.19_07.44.20,70537.0,70537000.0,70.537
682,2018.01.19_07.44.22,66757.0,66757000.0,66.757
683,2018.01.19_07.44.23,74753.0,74753000.0,74.753
684,2018.01.19_07.44.24,86608.0,86608000.0,86.608
685,2018.01.19_07.44.25,79574.0,79574000.0,79.574
686,2018.01.19_07.44.26,66175.0,66175000.0,66.175
687,2018.01.19_07.44.27,70940.0,70940000.0,70.94
688,2018.01.19_07.44.28,50674.0,50674000.0,50.674
689,2018.01.19_07.44.29,77616.0,77616000.0,77.616
690,2018.01.19_07.44.30,87984.0,87984000.0,87.984
691,2018.01.19_07.44.31,82951.0,82951000.0,82.951
692,2018.01.19_07.44.32,72047.0,72047000.0,72.047
693,2018.01.19_07.44.33,68457.0,68457000.0,68.457
694,2018.01.19_07.44.35,96685.0,96685000.0,96.685
695,2018.01.19_07.44.36,74574.0,74574000.0,74.574
696,2018.01.19_07.44.37,55336.0,55336000.0,55.336
697,2018.01.19_07.44.38,85591.0,85591000.0,85.591
698,2018.01.19_07.44.39,96338.0,96338000.0,96.338
699,2018.01.19_07.44.40,99079.0,99079000.0,99.079
700,2018.01.19_07.44.41,85568.0,85568000.0,85.568
701,2018.01.19_07.44.42,71521.0,71521000.0,71.521
702,2018.01.19_07.44.43,68166.0,68166000.0,68.166
703,2018.01.19_07.44.44,75033.0,75033000.0,75.033
704,2018.01.19_07.44.45,79607.0,79607000.0,79.607
705,2018.01.19_07.44.47,76140.0,76140000.0,76.14
706,2018.01.19_07.44.48,59286.0,59286000.0,59.286
707,2018.01.19_07.44.49,78657.0,78657000.0,78.657
708,2018.01.19_07.44.50,75782.0,75782000.0,75.782
709,2018.01.19_07.44.51,68803.0,68803000.0,68.803
710,2018.01.19_07.44.52,68423.0,68423000.0,68.423
711,2018.01.19_07.44.53,80860.0,80860000.0,80.86
712,2018.01.19_07.44.54,75055.0,75055000.0,75.055
713,2018.01.19_07.44.55,73870.0,73870000.0,73.87
714,2018.01.19_07.44.56,65068.0,65068000.0,65.068
715,2018.01.19_07.44.57,56926.0,56926000.0,56.926
716,2018.01.19_07.44.58,81889.0,81889000.0,81.889
717,2018.01.19_07.45.00,60203.0,60203000.0,60.203
718,2018.01.19_07.45.01,83656.0,83656000.0,83.656
719,2018.01.19_07.45.02,77661.0,77661000.0,77.661
720,2018.01.19_07.45.03,64967.0,64967000.0,64.967
721,2018.01.19_07.45.04,71644.0,71644000.0,71.644
722,2018.01.19_07.45.05,79876.0,79876000.0,79.876
723,2018.01.19_07.45.06,77885.0,77885000.0,77.885
724,2018.01.19_07.45.07,72461.0,72461000.0,72.461
725,2018.01.19_07.45.08,58436.0,58436000.0,58.436
726,2018.01.19_07.45.09,80804.0,80804000.0,80.804
727,2018.01.19_07.45.10,77762.0,77762000.0,77.762
728,2018.01.19_07.45.11,78869.0,78869000.0,78.869
729,2018.01.19_07.45.13,61724.0,61724000.0,61.724
730,2018.01.19_07.45.14,63100.0,63100000.0,63.1
731,2018.01.19_07.45.15,68848.0,68848000.0,68.848
732,2018.01.19_07.45.16,59711.0,59711000.0,59.711
733,2018.01.19_07.45.17,57452.0,57452000.0,57.452
734,2018.01.19_07.45.18,39669.0,39669000.0,39.669
735,2018.01.19_07.45.19,54074.0,54074000.0,54.074
736,2018.01.19_07.45.20,44053.0,44053000.0,44.053
737,2018.01.19_07.45.21,42901.0,42901000.0,42.901
738,2018.01.19_07.45.22,38551.0,38551000.0,38.551
739,2018.01.19_07.45.23,26282.0,26282000.0,26.282
740,2018.01.19_07.45.25,35162.0,35162000.0,35.162
741,2018.01.19_07.45.26,32567.0,32567000.0,32.567
742,2018.01.19_07.45.27,22301.0,22301000.0,22.301
743,2018.01.19_07.45.28,27054.0,27054000.0,27.054
744,2018.01.19_07.45.29,38920.0,38920000.0,38.92
745,2018.01.19_07.45.30,50674.0,50674000.0,50.674
746,2018.01.19_07.45.31,58067.0,58067000.0,58.067
747,2018.01.19_07.45.32,55752.0,55752000.0,55.752
748,2018.01.19_07.45.33,53772.0,53772000.0,53.772
749,2018.01.19_07.45.34,58827.0,58827000.0,58.827
750,2018.01.19_07.45.36,60561.0,60561000.0,60.561
751,2018.01.19_07.45.37,69732.0,69732000.0,69.732
752,2018.01.19_07.45.38,71421.0,71421000.0,71.421
753,2018.01.19_07.45.39,70537.0,70537000.0,70.537
754,2018.01.19_07.45.40,40575.0,40575000.0,40.575
755,2018.01.19_07.45.41,51233.0,51233000.0,51.233
756,2018.01.19_07.45.42,43360.0,43360000.0,43.36
757,2018.01.19_07.45.43,45932.0,45932000.0,45.932
758,2018.01.19_07.45.44,11329.0,11329000.0,11.329
759,2018.01.19_07.45.45,19974.0,19974000.0,19.974
760,2018.01.19_07.45.47,18375.0,18375000.0,18.375
761,2018.01.19_07.45.48,20310.0,20310000.0,20.31
762,2018.01.19_07.45.49,14248.0,14248000.0,14.248
763,2018.01.19_07.45.50,14919.0,14919000.0,14.919
764,2018.01.19_07.45.51,26830.0,26830000.0,26.83
765,2018.01.19_07.45.52,25197.0,25197000.0,25.197
766,2018.01.19_07.45.53,26405.0,26405000.0,26.405
767,2018.01.19_07.45.55,23039.0,23039000.0,23.039
768,2018.01.19_07.45.56,20075.0,20075000.0,20.075
769,2018.01.19_07.45.57,16776.0,16776000.0,16.776
770,2018.01.19_07.45.58,19404.0,19404000.0,19.404
771,2018.01.19_07.45.59,14897.0,14897000.0,14.897
772,2018.01.19_07.46.00,14908.0,14908000.0,14.908
773,2018.01.19_07.46.01,18475.0,18475000.0,18.475
774,2018.01.19_07.46.02,31035.0,31035000.0,31.035
775,2018.01.19_07.46.03,29850.0,29850000.0,29.85
776,2018.01.19_07.46.04,27926.0,27926000.0,27.926
777,2018.01.19_07.46.06,20936.0,20936000.0,20.936
778,2018.01.19_07.46.07,20343.0,20343000.0,20.343
779,2018.01.19_07.46.08,22971.0,22971000.0,22.971
780,2018.01.19_07.46.09,30431.0,30431000.0,30.431
781,2018.01.19_07.46.10,33608.0,33608000.0,33.608
782,2018.01.19_07.46.11,44187.0,44187000.0,44.187
783,2018.01.19_07.46.11,44187.0,44187000.0,44.187
784,2018.01.19_07.46.12,25242.0,25242000.0,25.242
785,2018.01.19_07.46.13,35766.0,35766000.0,35.766
786,2018.01.19_07.46.14,22837.0,22837000.0,22.837
787,2018.01.19_07.46.15,18520.0,18520000.0,18.52
788,2018.01.19_07.46.17,22971.0,22971000.0,22.971
789,2018.01.19_07.46.18,15064.0,15064000.0,15.064
790,2018.01.19_07.46.19,12582.0,12582000.0,12.582
791,2018.01.19_07.46.20,19426.0,19426000.0,19.426
792,2018.01.19_07.46.21,19627.0,19627000.0,19.627
793,2018.01.19_07.46.22,14818.0,14818000.0,14.818
794,2018.01.19_07.46.23,7963.0,7963000.0,7.963
795,2018.01.19_07.46.24,16004.0,16004000.0,16.004
796,2018.01.19_07.46.25,16764.0,16764000.0,16.764
797,2018.01.19_07.46.27,20712.0,20712000.0,20.712
798,2018.01.19_07.46.28,24190.0,24190000.0,24.19
799,2018.01.19_07.46.29,40027.0,40027000.0,40.027
800,2018.01.19_07.46.30,38260.0,38260000.0,38.26
801,2018.01.19_07.46.31,33921.0,33921000.0,33.921
802,2018.01.19_07.46.32,30677.0,30677000.0,30.677
803,2018.01.19_07.46.33,6654.0,6654000.0,6.654
804,2018.01.19_07.46.34,16206.0,16206000.0,16.206
805,2018.01.19_07.46.35,9763.0,9763000.0,9.763
806,2018.01.19_07.46.37,17872.0,17872000.0,17.872
807,2018.01.19_07.46.38,33272.0,33272000.0,33.272
808,2018.01.19_07.46.39,29906.0,29906000.0,29.906
809,2018.01.19_07.46.40,42398.0,42398000.0,42.398
810,2018.01.19_07.46.41,41492.0,41492000.0,41.492
811,2018.01.19_07.46.42,25611.0,25611000.0,25.611
812,2018.01.19_07.46.43,7907.0,7907000.0,7.907
813,2018.01.19_07.46.45,13051.0,13051000.0,13.051
814,2018.01.19_07.46.46,13879.0,13879000.0,13.879
815,2018.01.19_07.46.47,21462.0,21462000.0,21.462
816,2018.01.19_07.46.48,11810.0,11810000.0,11.81
817,2018.01.19_07.46.49,12045.0,12045000.0,12.045
818,2018.01.19_07.46.50,18654.0,18654000.0,18.654
819,2018.01.19_07.46.51,23531.0,23531000.0,23.531
820,2018.01.19_07.46.52,30688.0,30688000.0,30.688
821,2018.01.19_07.46.53,23810.0,23810000.0,23.81
822,2018.01.19_07.46.55,14628.0,14628000.0,14.628
823,2018.01.19_07.46.56,14684.0,14684000.0,14.684
824,2018.01.19_07.46.57,16239.0,16239000.0,16.239
825,2018.01.19_07.46.58,16306.0,16306000.0,16.306
826,2018.01.19_07.46.59,10032.0,10032000.0,10.032
827,2018.01.19_07.47.00,23587.0,23587000.0,23.587
828,2018.01.19_07.47.01,70291.0,70291000.0,70.291
829,2018.01.19_07.47.02,74127.0,74127000.0,74.127
830,2018.01.19_07.47.03,67171.0,67171000.0,67.171
831,2018.01.19_07.47.04,72997.0,72997000.0,72.997
832,2018.01.19_07.47.06,70045.0,70045000.0,70.045
833,2018.01.19_07.47.07,61959.0,61959000.0,61.959
834,2018.01.19_07.47.08,80949.0,80949000.0,80.949
835,2018.01.19_07.47.09,76856.0,76856000.0,76.856
836,2018.01.19_07.47.10,85703.0,85703000.0,85.703
837,2018.01.19_07.47.11,82303.0,82303000.0,82.303
838,2018.01.19_07.47.12,81285.0,81285000.0,81.285
839,2018.01.19_07.47.13,87827.0,87827000.0,87.827
840,2018.01.19_07.47.14,101539.0,101539000.0,101.539
841,2018.01.19_07.47.15,97054.0,97054000.0,97.054
842,2018.01.19_07.47.16,96708.0,96708000.0,96.708
843,2018.01.19_07.47.17,67528.0,67528000.0,67.528
844,2018.01.19_07.47.19,92581.0,92581000.0,92.581
845,2018.01.19_07.47.20,94258.0,94258000.0,94.258
846,2018.01.19_07.47.21,81531.0,81531000.0,81.531
847,2018.01.19_07.47.22,90814.0,90814000.0,90.814
848,2018.01.19_07.47.23,94079.0,94079000.0,94.079
849,2018.01.19_07.47.24,66846.0,66846000.0,66.846
850,2018.01.19_07.47.25,60225.0,60225000.0,60.225
851,2018.01.19_07.47.26,76666.0,76666000.0,76.666
852,2018.01.19_07.47.27,81598.0,81598000.0,81.598
853,2018.01.19_07.47.28,57631.0,57631000.0,57.631
854,2018.01.19_07.47.29,49231.0,49231000.0,49.231
855,2018.01.19_07.47.30,55181.0,55181000.0,55.181
856,2018.01.19_07.47.32,54477.0,54477000.0,54.477
857,2018.01.19_07.47.33,62641.0,62641000.0,62.641
858,2018.01.19_07.47.34,76677.0,76677000.0,76.677
859,2018.01.19_07.47.35,94079.0,94079000.0,94.079
860,2018.01.19_07.47.36,97334.0,97334000.0,97.334
861,2018.01.19_07.47.37,95958.0,95958000.0,95.958
862,2018.01.19_07.47.38,103407.0,103407000.0,103.407
863,2018.01.19_07.47.39,74955.0,74955000.0,74.955
864,2018.01.19_07.47.40,95746.0,95746000.0,95.746
865,2018.01.19_07.47.41,67574.0,67574000.0,67.574
866,2018.01.19_07.47.42,75670.0,75670000.0,75.67
867,2018.01.19_07.47.43,61333.0,61333000.0,61.333
868,2018.01.19_07.47.44,63838.0,63838000.0,63.838
869,2018.01.19_07.47.46,59029.0,59029000.0,59.029
870,2018.01.19_07.47.47,54197.0,54197000.0,54.197
871,2018.01.19_07.47.48,61444.0,61444000.0,61.444
872,2018.01.19_07.47.49,70559.0,70559000.0,70.559
873,2018.01.19_07.47.50,53873.0,53873000.0,53.873
874,2018.01.19_07.47.51,69228.0,69228000.0,69.228
875,2018.01.19_07.47.52,77572.0,77572000.0,77.572
876,2018.01.19_07.47.53,86933.0,86933000.0,86.933
877,2018.01.19_07.47.54,85859.0,85859000.0,85.859
878,2018.01.19_07.47.55,67227.0,67227000.0,67.227
879,2018.01.19_07.47.56,48415.0,48415000.0,48.415
880,2018.01.19_07.47.57,33719.0,33719000.0,33.719
881,2018.01.19_07.47.59,34457.0,34457000.0,34.457
882,2018.01.19_07.48.00,69228.0,69228000.0,69.228
883,2018.01.19_07.48.01,75011.0,75011000.0,75.011
884,2018.01.19_07.48.02,66533.0,66533000.0,66.533
885,2018.01.19_07.48.03,72942.0,72942000.0,72.942
886,2018.01.19_07.48.04,78131.0,78131000.0,78.131
887,2018.01.19_07.48.05,99470.0,99470000.0,99.47
888,2018.01.19_07.48.06,104156.0,104156000.0,104.156
889,2018.01.19_07.48.07,81844.0,81844000.0,81.844
890,2018.01.19_07.48.08,106549.0,106549000.0,106.549
891,2018.01.19_07.48.09,108693.0,108693000.0,108.693
892,2018.01.19_07.48.10,85407.0,85407000.0,85.407
893,2018.01.19_07.48.12,72412.0,72412000.0,72.412
894,2018.01.19_07.48.13,87526.0,87526000.0,87.526
895,2018.01.19_07.48.14,86452.0,86452000.0,86.452
896,2018.01.19_07.48.15,83522.0,83522000.0,83.522
897,2018.01.19_07.48.16,79764.0,79764000.0,79.764
898,2018.01.19_07.48.17,88342.0,88342000.0,88.342
899,2018.01.19_07.48.18,102814.0,102814000.0,102.814
900,2018.01.19_07.48.19,97479.0,97479000.0,97.479
901,2018.01.19_07.48.20,93677.0,93677000.0,93.677
902,2018.01.19_07.48.21,108317.0,108317000.0,108.317
903,2018.01.19_07.48.22,101785.0,101785000.0,101.785
904,2018.01.19_07.48.23,107925.0,107925000.0,107.925
905,2018.01.19_07.48.24,84551.0,84551000.0,84.551
906,2018.01.19_07.48.26,90277.0,90277000.0,90.277
907,2018.01.19_07.48.27,80144.0,80144000.0,80.144
908,2018.01.19_07.48.28,96115.0,96115000.0,96.115
909,2018.01.19_07.48.29,97379.0,97379000.0,97.379
910,2018.01.19_07.48.29,97379.0,97379000.0,97.379
911,2018.01.19_07.48.30,50775.0,50775000.0,50.775
912,2018.01.19_07.48.36,39606.0,39606000.0,39.606
913,2018.01.19_07.48.37,90679.0,90679000.0,90.679
914,2018.01.19_07.48.38,88733.0,88733000.0,88.733
915,2018.01.19_07.48.39,103362.0,103362000.0,103.362
916,2018.01.19_07.48.40,93945.0,93945000.0,93.945
917,2018.01.19_07.48.41,85188.0,85188000.0,85.188
918,2018.01.19_07.48.42,107724.0,107724000.0,107.724
919,2018.01.19_07.48.43,101394.0,101394000.0,101.394
920,2018.01.19_07.48.44,102792.0,102792000.0,102.792
921,2018.01.19_07.48.46,80144.0,80144000.0,80.144
922,2018.01.19_07.48.47,79853.0,79853000.0,79.853
923,2018.01.19_07.48.48,82571.0,82571000.0,82.571
924,2018.01.19_07.48.49,84271.0,84271000.0,84.271
925,2018.01.19_07.48.50,82582.0,82582000.0,82.582
926,2018.01.19_07.48.51,77885.0,77885000.0,77.885
927,2018.01.19_07.48.52,80334.0,80334000.0,80.334
928,2018.01.19_07.48.53,67819.0,67819000.0,67.819
929,2018.01.19_07.48.54,60975.0,60975000.0,60.975
930,2018.01.19_07.48.55,57038.0,57038000.0,57.038
931,2018.01.19_07.48.56,28273.0,28273000.0,28.273
932,2018.01.19_07.48.58,35117.0,35117000.0,35.117
933,2018.01.19_07.48.59,67014.0,67014000.0,67.014
934,2018.01.19_07.49.00,63916.0,63916000.0,63.916
935,2018.01.19_07.49.01,57194.0,57194000.0,57.194
936,2018.01.19_07.49.02,51726.0,51726000.0,51.726
937,2018.01.19_07.49.03,57463.0,57463000.0,57.463
938,2018.01.19_07.49.04,62842.0,62842000.0,62.842
939,2018.01.19_07.49.05,62104.0,62104000.0,62.104
940,2018.01.19_07.49.06,49354.0,49354000.0,49.354
941,2018.01.19_07.49.07,64945.0,64945000.0,64.945
942,2018.01.19_07.49.08,62719.0,62719000.0,62.719
943,2018.01.19_07.49.09,66623.0,66623000.0,66.623
944,2018.01.19_07.49.11,68323.0,68323000.0,68.323
945,2018.01.19_07.49.12,64274.0,64274000.0,64.274
946,2018.01.19_07.49.13,70324.0,70324000.0,70.324
947,2018.01.19_07.49.14,74943.0,74943000.0,74.943
948,2018.01.19_07.49.15,89427.0,89427000.0,89.427
949,2018.01.19_07.49.16,90400.0,90400000.0,90.4
950,2018.01.19_07.49.17,78500.0,78500000.0,78.5
951,2018.01.19_07.49.18,68938.0,68938000.0,68.938
952,2018.01.19_07.49.19,64665.0,64665000.0,64.665
953,2018.01.19_07.49.20,59711.0,59711000.0,59.711
954,2018.01.19_07.49.21,79585.0,79585000.0,79.585
955,2018.01.19_07.49.22,76062.0,76062000.0,76.062
956,2018.01.19_07.49.24,67842.0,67842000.0,67.842
957,2018.01.19_07.49.25,41749.0,41749000.0,41.749
958,2018.01.19_07.49.26,61064.0,61064000.0,61.064
959,2018.01.19_07.49.27,56915.0,56915000.0,56.915
960,2018.01.19_07.49.28,54656.0,54656000.0,54.656
961,2018.01.19_07.49.29,43080.0,43080000.0,43.08
962,2018.01.19_07.49.30,42700.0,42700000.0,42.7
963,2018.01.19_07.49.31,47666.0,47666000.0,47.666
964,2018.01.19_07.49.32,42599.0,42599000.0,42.599
965,2018.01.19_07.49.33,32366.0,32366000.0,32.366
966,2018.01.19_07.49.35,40911.0,40911000.0,40.911
967,2018.01.19_07.49.36,27937.0,27937000.0,27.937
968,2018.01.19_07.49.37,19650.0,19650000.0,19.65
969,2018.01.19_07.49.37,19650.0,19650000.0,19.65
970,2018.01.19_07.49.38,24537.0,24537000.0,24.537
971,2018.01.19_07.49.39,19873.0,19873000.0,19.873
972,2018.01.19_07.49.40,24168.0,24168000.0,24.168
973,2018.01.19_07.49.41,18710.0,18710000.0,18.71
974,2018.01.19_07.49.42,29346.0,29346000.0,29.346
975,2018.01.19_07.49.44,38808.0,38808000.0,38.808
976,2018.01.19_07.49.45,28608.0,28608000.0,28.608
977,2018.01.19_07.49.46,29548.0,29548000.0,29.548
978,2018.01.19_07.49.47,41962.0,41962000.0,41.962
979,2018.01.19_07.49.48,19023.0,19023000.0,19.023
980,2018.01.19_07.49.49,21674.0,21674000.0,21.674
981,2018.01.19_07.49.50,37287.0,37287000.0,37.287
982,2018.01.19_07.49.51,29078.0,29078000.0,29.078
983,2018.01.19_07.49.52,31125.0,31125000.0,31.125
984,2018.01.19_07.49.53,34569.0,34569000.0,34.569
985,2018.01.19_07.49.54,17905.0,17905000.0,17.905
986,2018.01.19_07.49.56,28418.0,28418000.0,28.418
987,2018.01.19_07.49.57,27188.0,27188000.0,27.188
988,2018.01.19_07.49.58,34066.0,34066000.0,34.066
989,2018.01.19_07.49.59,47733.0,47733000.0,47.733
990,2018.01.19_07.50.00,40117.0,40117000.0,40.117
991,2018.01.19_07.50.01,47833.0,47833000.0,47.833
992,2018.01.19_07.50.02,49992.0,49992000.0,49.992
993,2018.01.19_07.50.03,26919.0,26919000.0,26.919
994,2018.01.19_07.50.04,22323.0,22323000.0,22.323
995,2018.01.19_07.50.05,24146.0,24146000.0,24.146
996,2018.01.19_07.50.06,34715.0,34715000.0,34.715
997,2018.01.19_07.50.08,25935.0,25935000.0,25.935
998,2018.01.19_07.50.09,34826.0,34826000.0,34.826
999,2018.01.19_07.50.10,56870.0,56870000.0,56.87
1000,2018.01.19_07.50.11,55125.0,55125000.0,55.125
1001,2018.01.19_07.50.12,46648.0,46648000.0,46.648
1002,2018.01.19_07.50.13,28317.0,28317000.0,28.317
1003,2018.01.19_07.50.14,8958.0,8958000.0,8.958
1004,2018.01.19_07.50.15,14919.0,14919000.0,14.919
1005,2018.01.19_07.50.16,12839.0,12839000.0,12.839
1006,2018.01.19_07.50.18,18364.0,18364000.0,18.364
1007,2018.01.19_07.50.19,26081.0,26081000.0,26.081
1008,2018.01.19_07.50.20,23162.0,23162000.0,23.162
1009,2018.01.19_07.50.21,25231.0,25231000.0,25.231
1010,2018.01.19_07.50.22,25611.0,25611000.0,25.611
1011,2018.01.19_07.50.23,22244.0,22244000.0,22.244
1012,2018.01.19_07.50.24,18341.0,18341000.0,18.341
1013,2018.01.19_07.50.25,19393.0,19393000.0,19.393
1014,2018.01.19_07.50.26,17245.0,17245000.0,17.245
1015,2018.01.19_07.50.28,17581.0,17581000.0,17.581
1016,2018.01.19_07.50.29,21462.0,21462000.0,21.462
1017,2018.01.19_07.50.30,14964.0,14964000.0,14.964
1018,2018.01.19_07.50.31,17547.0,17547000.0,17.547
1019,2018.01.19_07.50.32,20690.0,20690000.0,20.69
1020,2018.01.19_07.50.33,26226.0,26226000.0,26.226
1021,2018.01.19_07.50.34,25197.0,25197000.0,25.197
1022,2018.01.19_07.50.35,13856.0,13856000.0,13.856
1023,2018.01.19_07.50.36,16947.0,16947000.0,16.947
1024,2018.01.19_07.50.38,14281.0,14281000.0,14.281
1025,2018.01.19_07.50.39,18833.0,18833000.0,18.833
1026,2018.01.19_07.50.40,18330.0,18330000.0,18.33
1027,2018.01.19_07.50.41,36549.0,36549000.0,36.549
1028,2018.01.19_07.50.42,54253.0,54253000.0,54.253
1029,2018.01.19_07.50.43,42085.0,42085000.0,42.085
1030,2018.01.19_07.50.44,50283.0,50283000.0,50.283
1031,2018.01.19_07.50.45,53302.0,53302000.0,53.302
1032,2018.01.19_07.50.46,48795.0,48795000.0,48.795
1033,2018.01.19_07.50.47,49545.0,49545000.0,49.545
1034,2018.01.19_07.50.48,27602.0,27602000.0,27.602
1035,2018.01.19_07.50.50,31214.0,31214000.0,31.214
1036,2018.01.19_07.50.51,44098.0,44098000.0,44.098
1037,2018.01.19_07.50.52,42622.0,42622000.0,42.622
1038,2018.01.19_07.50.53,49287.0,49287000.0,49.287
1039,2018.01.19_07.50.54,28888.0,28888000.0,28.888
1040,2018.01.19_07.50.55,49757.0,49757000.0,49.757
1041,2018.01.19_07.50.56,63402.0,63402000.0,63.402
1042,2018.01.19_07.50.57,50596.0,50596000.0,50.596
1043,2018.01.19_07.50.58,73680.0,73680000.0,73.68
1044,2018.01.19_07.50.59,45071.0,45071000.0,45.071
1045,2018.01.19_07.51.01,63905.0,63905000.0,63.905
1046,2018.01.19_07.51.02,67305.0,67305000.0,67.305
1047,2018.01.19_07.51.03,47151.0,47151000.0,47.151
1048,2018.01.19_07.51.04,57396.0,57396000.0,57.396
1049,2018.01.19_07.51.05,58447.0,58447000.0,58.447
1050,2018.01.19_07.51.06,54980.0,54980000.0,54.98
1051,2018.01.19_07.51.07,45272.0,45272000.0,45.272
1052,2018.01.19_07.51.08,57899.0,57899000.0,57.899
1053,2018.01.19_07.51.09,51345.0,51345000.0,51.345
1054,2018.01.19_07.51.10,48997.0,48997000.0,48.997
1055,2018.01.19_07.51.11,55897.0,55897000.0,55.897
1056,2018.01.19_07.51.12,49500.0,49500000.0,49.5
1057,2018.01.19_07.51.14,27020.0,27020000.0,27.02
1058,2018.01.19_07.51.15,37455.0,37455000.0,37.455
1059,2018.01.19_07.51.16,29212.0,29212000.0,29.212
1060,2018.01.19_07.51.17,30252.0,30252000.0,30.252
1061,2018.01.19_07.51.18,47755.0,47755000.0,47.755
1062,2018.01.19_07.51.19,55360.0,55360000.0,55.36
1063,2018.01.19_07.51.20,50909.0,50909000.0,50.909
1064,2018.01.19_07.51.21,55092.0,55092000.0,55.092
1065,2018.01.19_07.51.22,62675.0,62675000.0,62.675
1066,2018.01.19_07.51.23,42845.0,42845000.0,42.845
1067,2018.01.19_07.51.25,50495.0,50495000.0,50.495
1068,2018.01.19_07.51.26,45876.0,45876000.0,45.876
1069,2018.01.19_07.51.27,48762.0,48762000.0,48.762
1070,2018.01.19_07.51.28,54645.0,54645000.0,54.645
1071,2018.01.19_07.51.29,54454.0,54454000.0,54.454
1072,2018.01.19_07.51.30,52363.0,52363000.0,52.363
1073,2018.01.19_07.51.31,47308.0,47308000.0,47.308
1074,2018.01.19_07.51.32,45116.0,45116000.0,45.116
1075,2018.01.19_07.51.33,46212.0,46212000.0,46.212
1076,2018.01.19_07.51.34,40676.0,40676000.0,40.676
1077,2018.01.19_07.51.35,47297.0,47297000.0,47.297
1078,2018.01.19_07.51.37,36739.0,36739000.0,36.739
1079,2018.01.19_07.51.38,42007.0,42007000.0,42.007
1080,2018.01.19_07.51.39,40776.0,40776000.0,40.776
1081,2018.01.19_07.51.40,53112.0,53112000.0,53.112
1082,2018.01.19_07.51.41,61758.0,61758000.0,61.758
1083,2018.01.19_07.51.42,60438.0,60438000.0,60.438
1084,2018.01.19_07.51.43,64397.0,64397000.0,64.397
1085,2018.01.19_07.51.44,62540.0,62540000.0,62.54
1086,2018.01.19_07.51.45,68926.0,68926000.0,68.926
1087,2018.01.19_07.51.46,61892.0,61892000.0,61.892
1088,2018.01.19_07.51.47,59834.0,59834000.0,59.834
1089,2018.01.19_07.51.48,59756.0,59756000.0,59.756
1090,2018.01.19_07.51.50,29704.0,29704000.0,29.704
1091,2018.01.19_07.51.51,62999.0,62999000.0,62.999
1092,2018.01.19_07.51.52,54231.0,54231000.0,54.231
1093,2018.01.19_07.51.53,53604.0,53604000.0,53.604
1094,2018.01.19_07.51.54,45664.0,45664000.0,45.664
1095,2018.01.19_07.51.55,54130.0,54130000.0,54.13
1096,2018.01.19_07.51.56,50227.0,50227000.0,50.227
1097,2018.01.19_07.51.57,56904.0,56904000.0,56.904
1098,2018.01.19_07.51.58,58950.0,58950000.0,58.95
1099,2018.01.19_07.51.59,54980.0,54980000.0,54.98
1100,2018.01.19_07.52.00,62115.0,62115000.0,62.115
1101,2018.01.19_07.52.01,50663.0,50663000.0,50.663
1102,2018.01.19_07.52.03,42857.0,42857000.0,42.857
1103,2018.01.19_07.52.04,48885.0,48885000.0,48.885
1104,2018.01.19_07.52.05,76532.0,76532000.0,76.532
1105,2018.01.19_07.52.06,81520.0,81520000.0,81.52
1106,2018.01.19_07.52.07,62529.0,62529000.0,62.529
1107,2018.01.19_07.52.08,59040.0,59040000.0,59.04
1108,2018.01.19_07.52.09,73814.0,73814000.0,73.814
1109,2018.01.19_07.52.10,84416.0,84416000.0,84.416
1110,2018.01.19_07.52.11,69687.0,69687000.0,69.687
1111,2018.01.19_07.52.12,76409.0,76409000.0,76.409
1112,2018.01.19_07.52.13,35777.0,35777000.0,35.777
1113,2018.01.19_07.52.15,61265.0,61265000.0,61.265
1114,2018.01.19_07.52.16,77661.0,77661000.0,77.661
1115,2018.01.19_07.52.17,77549.0,77549000.0,77.549
1116,2018.01.19_07.52.18,76509.0,76509000.0,76.509
1117,2018.01.19_07.52.19,69542.0,69542000.0,69.542
1118,2018.01.19_07.52.20,80491.0,80491000.0,80.491
1119,2018.01.19_07.52.21,67763.0,67763000.0,67.763
1120,2018.01.19_07.52.22,53862.0,53862000.0,53.862
1121,2018.01.19_07.52.23,44285.0,44285000.0,44.285
1122,2018.01.19_07.52.24,58123.0,58123000.0,58.123
1123,2018.01.19_07.52.25,59454.0,59454000.0,59.454
1124,2018.01.19_07.52.26,64129.0,64129000.0,64.129
1125,2018.01.19_07.52.27,58839.0,58839000.0,58.839
1126,2018.01.19_07.52.29,56289.0,56289000.0,56.289
1127,2018.01.19_07.52.30,61165.0,61165000.0,61.165
1128,2018.01.19_07.52.31,65157.0,65157000.0,65.157
1129,2018.01.19_07.52.32,67696.0,67696000.0,67.696
1130,2018.01.19_07.52.33,69407.0,69407000.0,69.407
1131,2018.01.19_07.52.34,45630.0,45630000.0,45.63
1132,2018.01.19_07.52.35,68244.0,68244000.0,68.244
1133,2018.01.19_07.52.36,63491.0,63491000.0,63.491
1134,2018.01.19_07.52.37,73847.0,73847000.0,73.847
1135,2018.01.19_07.52.38,79943.0,79943000.0,79.943
1136,2018.01.19_07.52.39,65661.0,65661000.0,65.661
1137,2018.01.19_07.52.40,52441.0,52441000.0,52.441
1138,2018.01.19_07.52.42,48862.0,48862000.0,48.862
1139,2018.01.19_07.52.43,40262.0,40262000.0,40.262
1140,2018.01.19_07.52.44,33216.0,33216000.0,33.216
1141,2018.01.19_07.52.45,45865.0,45865000.0,45.865
1142,2018.01.19_07.52.46,41201.0,41201000.0,41.201
1143,2018.01.19_07.52.47,39088.0,39088000.0,39.088
1144,2018.01.19_07.52.48,71611.0,71611000.0,71.611
1145,2018.01.19_07.52.49,77035.0,77035000.0,77.035
1146,2018.01.19_07.52.50,73188.0,73188000.0,73.188
1147,2018.01.19_07.52.51,62496.0,62496000.0,62.496
1148,2018.01.19_07.52.53,46659.0,46659000.0,46.659
1149,2018.01.19_07.52.54,60796.0,60796000.0,60.796
1150,2018.01.19_07.52.55,66041.0,66041000.0,66.041
1151,2018.01.19_07.52.56,79104.0,79104000.0,79.104
1152,2018.01.19_07.52.57,73288.0,73288000.0,73.288
1153,2018.01.19_07.52.58,71991.0,71991000.0,71.991
1154,2018.01.19_07.52.59,58000.0,58000000.0,58.0
1155,2018.01.19_07.53.00,83343.0,83343000.0,83.343
1156,2018.01.19_07.53.01,76979.0,76979000.0,76.979
1157,2018.01.19_07.53.02,80491.0,80491000.0,80.491
1158,2018.01.19_07.53.03,72852.0,72852000.0,72.852
1159,2018.01.19_07.53.04,78914.0,78914000.0,78.914
1160,2018.01.19_07.53.06,73255.0,73255000.0,73.255
1161,2018.01.19_07.53.07,76688.0,76688000.0,76.688
1162,2018.01.19_07.53.08,62015.0,62015000.0,62.015
1163,2018.01.19_07.53.09,75257.0,75257000.0,75.257
1164,2018.01.19_07.53.10,60673.0,60673000.0,60.673
1165,2018.01.19_07.53.11,78064.0,78064000.0,78.064
1166,2018.01.19_07.53.12,57373.0,57373000.0,57.373
1167,2018.01.19_07.53.13,64900.0,64900000.0,64.9
1168,2018.01.19_07.53.14,58447.0,58447000.0,58.447
1169,2018.01.19_07.53.15,33003.0,33003000.0,33.003
1170,2018.01.19_07.53.16,47051.0,47051000.0,47.051
1171,2018.01.19_07.53.17,70045.0,70045000.0,70.045
1172,2018.01.19_07.53.19,68893.0,68893000.0,68.893
1173,2018.01.19_07.53.20,52061.0,52061000.0,52.061
1174,2018.01.19_07.53.21,68904.0,68904000.0,68.904
1175,2018.01.19_07.53.22,56020.0,56020000.0,56.02
1176,2018.01.19_07.53.23,60225.0,60225000.0,60.225
1177,2018.01.19_07.53.24,55573.0,55573000.0,55.573
1178,2018.01.19_07.53.25,23989.0,23989000.0,23.989
1179,2018.01.19_07.53.26,38148.0,38148000.0,38.148
1180,2018.01.19_07.53.27,43338.0,43338000.0,43.338
1181,2018.01.19_07.53.28,41414.0,41414000.0,41.414
1182,2018.01.19_07.53.29,30901.0,30901000.0,30.901
1183,2018.01.19_07.53.31,37790.0,37790000.0,37.79
1184,2018.01.19_07.53.32,15579.0,15579000.0,15.579
1185,2018.01.19_07.53.33,29413.0,29413000.0,29.413
1186,2018.01.19_07.53.34,16283.0,16283000.0,16.283
1187,2018.01.19_07.53.35,26148.0,26148000.0,26.148
1188,2018.01.19_07.53.36,19549.0,19549000.0,19.549
1189,2018.01.19_07.53.37,8891.0,8891000.0,8.891
1190,2018.01.19_07.53.38,9271.0,9271000.0,9.271
1191,2018.01.19_07.53.40,21160.0,21160000.0,21.16
1192,2018.01.19_07.53.41,37734.0,37734000.0,37.734
1193,2018.01.19_07.53.42,25924.0,25924000.0,25.924
1194,2018.01.19_07.53.43,11553.0,11553000.0,11.553
1195,2018.01.19_07.53.44,14897.0,14897000.0,14.897
1196,2018.01.19_07.53.45,10658.0,10658000.0,10.658
1197,2018.01.19_07.53.46,11519.0,11519000.0,11.519
1198,2018.01.19_07.53.47,9752.0,9752000.0,9.752
1199,2018.01.19_07.53.48,11799.0,11799000.0,11.799
1200,2018.01.19_07.53.50,9651.0,9651000.0,9.651
1201,2018.01.19_07.53.51,18487.0,18487000.0,18.487
1202,2018.01.19_07.53.52,21920.0,21920000.0,21.92
1203,2018.01.19_07.53.53,7191.0,7191000.0,7.191
1204,2018.01.19_07.53.54,19873.0,19873000.0,19.873
1205,2018.01.19_07.53.55,16686.0,16686000.0,16.686
1206,2018.01.19_07.53.56,11966.0,11966000.0,11.966
1207,2018.01.19_07.53.57,10736.0,10736000.0,10.736
1208,2018.01.19_07.53.59,14606.0,14606000.0,14.606
1209,2018.01.19_07.54.00,16731.0,16731000.0,16.731
1210,2018.01.19_07.54.01,10826.0,10826000.0,10.826
1211,2018.01.19_07.54.02,14505.0,14505000.0,14.505
1212,2018.01.19_07.54.03,5178.0,5178000.0,5.178
1213,2018.01.19_07.54.04,9193.0,9193000.0,9.193
1214,2018.01.19_07.54.05,13655.0,13655000.0,13.655
1215,2018.01.19_07.54.06,25242.0,25242000.0,25.242
1216,2018.01.19_07.54.07,21921.0,21921000.0,21.921
1217,2018.01.19_07.54.09,24582.0,24582000.0,24.582
1218,2018.01.19_07.54.10,7482.0,7482000.0,7.482
1219,2018.01.19_07.54.11,10982.0,10982000.0,10.982
1220,2018.01.19_07.54.12,9372.0,9372000.0,9.372
1221,2018.01.19_07.54.13,16406.0,16406000.0,16.406
1222,2018.01.19_07.54.14,12447.0,12447000.0,12.447
1223,2018.01.19_07.54.15,23117.0,23117000.0,23.117
1224,2018.01.19_07.54.16,29279.0,29279000.0,29.279
1225,2018.01.19_07.54.17,34401.0,34401000.0,34.401
1226,2018.01.19_07.54.19,24739.0,24739000.0,24.739
1227,2018.01.19_07.54.20,11732.0,11732000.0,11.732
1228,2018.01.19_07.54.21,18140.0,18140000.0,18.14
1229,2018.01.19_07.54.22,12839.0,12839000.0,12.839
1230,2018.01.19_07.54.23,8466.0,8466000.0,8.466
1231,2018.01.19_07.54.24,9886.0,9886000.0,9.886
1232,2018.01.19_07.54.25,9394.0,9394000.0,9.394
1233,2018.01.19_07.54.27,12660.0,12660000.0,12.66
1234,2018.01.19_07.54.28,8768.0,8768000.0,8.768
1235,2018.01.19_07.54.29,9853.0,9853000.0,9.853
1236,2018.01.19_07.54.30,13409.0,13409000.0,13.409
1237,2018.01.19_07.54.31,18375.0,18375000.0,18.375
1238,2018.01.19_07.54.32,35654.0,35654000.0,35.654
1239,2018.01.19_07.54.33,51066.0,51066000.0,51.066
1240,2018.01.19_07.54.34,34849.0,34849000.0,34.849
1241,2018.01.19_07.54.36,18766.0,18766000.0,18.766
1242,2018.01.19_07.54.37,46346.0,46346000.0,46.346
1243,2018.01.19_07.54.38,45932.0,45932000.0,45.932
1244,2018.01.19_07.54.39,61903.0,61903000.0,61.903
1245,2018.01.19_07.54.40,58223.0,58223000.0,58.223
1246,2018.01.19_07.54.41,29201.0,29201000.0,29.201
1247,2018.01.19_07.54.42,50529.0,50529000.0,50.529
1248,2018.01.19_07.54.43,60091.0,60091000.0,60.091
1249,2018.01.19_07.54.44,58716.0,58716000.0,58.716
1250,2018.01.19_07.54.45,56333.0,56333000.0,56.333
1251,2018.01.19_07.54.46,57709.0,57709000.0,57.709
1252,2018.01.19_07.54.48,40474.0,40474000.0,40.474
1253,2018.01.19_07.54.49,54119.0,54119000.0,54.119
1254,2018.01.19_07.54.50,43270.0,43270000.0,43.27
1255,2018.01.19_07.54.51,50160.0,50160000.0,50.16
1256,2018.01.19_07.54.52,33842.0,33842000.0,33.842
1257,2018.01.19_07.54.53,56490.0,56490000.0,56.49
1258,2018.01.19_07.54.54,38953.0,38953000.0,38.953
1259,2018.01.19_07.54.55,50081.0,50081000.0,50.081
1260,2018.01.19_07.54.56,52039.0,52039000.0,52.039
1261,2018.01.19_07.54.57,40318.0,40318000.0,40.318
1262,2018.01.19_07.54.59,20097.0,20097000.0,20.097
1263,2018.01.19_07.55.00,32109.0,32109000.0,32.109
1264,2018.01.19_07.55.01,51245.0,51245000.0,51.245
1265,2018.01.19_07.55.02,46257.0,46257000.0,46.257
1266,2018.01.19_07.55.03,53291.0,53291000.0,53.291
1267,2018.01.19_07.55.04,50708.0,50708000.0,50.708
1268,2018.01.19_07.55.05,51726.0,51726000.0,51.726
1269,2018.01.19_07.55.06,54275.0,54275000.0,54.275
1270,2018.01.19_07.55.07,44154.0,44154000.0,44.154
1271,2018.01.19_07.55.08,22692.0,22692000.0,22.692
1272,2018.01.19_07.55.09,22312.0,22312000.0,22.312
1273,2018.01.19_07.55.11,22491.0,22491000.0,22.491
1274,2018.01.19_07.55.12,25219.0,25219000.0,25.219
1275,2018.01.19_07.55.13,22077.0,22077000.0,22.077
1276,2018.01.19_07.55.14,52072.0,52072000.0,52.072
1277,2018.01.19_07.55.15,56859.0,56859000.0,56.859
1278,2018.01.19_07.55.16,46626.0,46626000.0,46.626
1279,2018.01.19_07.55.17,43427.0,43427000.0,43.427
1280,2018.01.19_07.55.18,29973.0,29973000.0,29.973
1281,2018.01.19_07.55.19,21283.0,21283000.0,21.283
1282,2018.01.19_07.55.20,36381.0,36381000.0,36.381
1283,2018.01.19_07.55.21,36336.0,36336000.0,36.336
1284,2018.01.19_07.55.23,32355.0,32355000.0,32.355
1285,2018.01.19_07.55.24,34480.0,34480000.0,34.48
1286,2018.01.19_07.55.25,43091.0,43091000.0,43.091
1287,2018.01.19_07.55.26,46648.0,46648000.0,46.648
1288,2018.01.19_07.55.27,30084.0,30084000.0,30.084
1289,2018.01.19_07.55.28,18878.0,18878000.0,18.878
1290,2018.01.19_07.55.29,10278.0,10278000.0,10.278
1291,2018.01.19_07.55.30,21283.0,21283000.0,21.283
1292,2018.01.19_07.55.31,20902.0,20902000.0,20.902
1293,2018.01.19_07.55.33,17312.0,17312000.0,17.312
1294,2018.01.19_07.55.34,20187.0,20187000.0,20.187
1295,2018.01.19_07.55.35,17570.0,17570000.0,17.57
1296,2018.01.19_07.55.36,11463.0,11463000.0,11.463
1297,2018.01.19_07.55.37,6117.0,6117000.0,6.117
1298,2018.01.19_07.55.38,6061.0,6061000.0,6.061
1299,2018.01.19_07.55.39,7157.0,7157000.0,7.157
1300,2018.01.19_07.55.40,7448.0,7448000.0,7.448
1301,2018.01.19_07.55.42,9081.0,9081000.0,9.081
1302,2018.01.19_07.55.43,11362.0,11362000.0,11.362
1303,2018.01.19_07.55.44,13241.0,13241000.0,13.241
1304,2018.01.19_07.55.45,9349.0,9349000.0,9.349
1305,2018.01.19_07.55.46,14841.0,14841000.0,14.841
1306,2018.01.19_07.55.47,22099.0,22099000.0,22.099
1307,2018.01.19_07.55.48,23553.0,23553000.0,23.553
1308,2018.01.19_07.55.49,22032.0,22032000.0,22.032
1309,2018.01.19_07.55.51,39233.0,39233000.0,39.233
1310,2018.01.19_07.55.52,38976.0,38976000.0,38.976
1311,2018.01.19_07.55.53,32545.0,32545000.0,32.545
1312,2018.01.19_07.55.54,35486.0,35486000.0,35.486
1313,2018.01.19_07.55.55,35050.0,35050000.0,35.05
1314,2018.01.19_07.55.56,22032.0,22032000.0,22.032
1315,2018.01.19_07.55.57,28340.0,28340000.0,28.34
1316,2018.01.19_07.55.58,30040.0,30040000.0,30.04
1317,2018.01.19_07.55.59,20175.0,20175000.0,20.175
1318,2018.01.19_07.56.00,22804.0,22804000.0,22.804
1319,2018.01.19_07.56.02,31997.0,31997000.0,31.997
1320,2018.01.19_07.56.03,43807.0,43807000.0,43.807
1321,2018.01.19_07.56.04,43684.0,43684000.0,43.684
1322,2018.01.19_07.56.05,48683.0,48683000.0,48.683
1323,2018.01.19_07.56.06,41090.0,41090000.0,41.09
1324,2018.01.19_07.56.07,58291.0,58291000.0,58.291
1325,2018.01.19_07.56.08,47107.0,47107000.0,47.107
1326,2018.01.19_07.56.09,59140.0,59140000.0,59.14
1327,2018.01.19_07.56.10,37924.0,37924000.0,37.924
1328,2018.01.19_07.56.11,56915.0,56915000.0,56.915
1329,2018.01.19_07.56.12,65739.0,65739000.0,65.739
1330,2018.01.19_07.56.14,55785.0,55785000.0,55.785
1331,2018.01.19_07.56.15,32030.0,32030000.0,32.03
1332,2018.01.19_07.56.16,21976.0,21976000.0,21.976
1333,2018.01.19_07.56.17,14897.0,14897000.0,14.897
1334,2018.01.19_07.56.18,14897.0,14897000.0,14.897
1335,2018.01.19_07.56.18,12828.0,12828000.0,12.828
1336,2018.01.19_07.56.19,15747.0,15747000.0,15.747
1337,2018.01.19_07.56.20,12067.0,12067000.0,12.067
1338,2018.01.19_07.56.21,12559.0,12559000.0,12.559
1339,2018.01.19_07.56.23,18789.0,18789000.0,18.789
1340,2018.01.19_07.56.24,24504.0,24504000.0,24.504
1341,2018.01.19_07.56.25,12760.0,12760000.0,12.76
1342,2018.01.19_07.56.26,13588.0,13588000.0,13.588
1343,2018.01.19_07.56.27,9394.0,9394000.0,9.394
1344,2018.01.19_07.56.28,10971.0,10971000.0,10.971
1345,2018.01.19_07.56.29,13622.0,13622000.0,13.622
1346,2018.01.19_07.56.30,18229.0,18229000.0,18.229
1347,2018.01.19_07.56.31,27568.0,27568000.0,27.568
1348,2018.01.19_07.56.33,17167.0,17167000.0,17.167
1349,2018.01.19_07.56.34,18677.0,18677000.0,18.677
1350,2018.01.19_07.56.35,22971.0,22971000.0,22.971
1351,2018.01.19_07.56.36,22278.0,22278000.0,22.278
1352,2018.01.19_07.56.37,32959.0,32959000.0,32.959
1353,2018.01.19_07.56.38,41749.0,41749000.0,41.749
1354,2018.01.19_07.56.39,35609.0,35609000.0,35.609
1355,2018.01.19_07.56.40,37846.0,37846000.0,37.846
1356,2018.01.19_07.56.41,38349.0,38349000.0,38.349
1357,2018.01.19_07.56.43,37544.0,37544000.0,37.544
1358,2018.01.19_07.56.44,35710.0,35710000.0,35.71
1359,2018.01.19_07.56.45,17346.0,17346000.0,17.346
1360,2018.01.19_07.56.46,28955.0,28955000.0,28.955
1361,2018.01.19_07.56.47,36705.0,36705000.0,36.705
1362,2018.01.19_07.56.48,31248.0,31248000.0,31.248
1363,2018.01.19_07.56.49,17413.0,17413000.0,17.413
1364,2018.01.19_07.56.50,4003.0,4003000.0,4.003
1365,2018.01.19_07.56.51,11978.0,11978000.0,11.978
1366,2018.01.19_07.56.53,25164.0,25164000.0,25.164
1367,2018.01.19_07.56.54,28877.0,28877000.0,28.877
1368,2018.01.19_07.56.55,16865.0,16865000.0,16.865
1369,2018.01.19_07.56.56,18431.0,18431000.0,18.431
1370,2018.01.19_07.56.57,28217.0,28217000.0,28.217
1371,2018.01.19_07.56.58,29615.0,29615000.0,29.615
1372,2018.01.19_07.56.59,23956.0,23956000.0,23.956
1373,2018.01.19_07.57.00,16194.0,16194000.0,16.194
1374,2018.01.19_07.57.01,13018.0,13018000.0,13.018
1375,2018.01.19_07.57.03,10199.0,10199000.0,10.199
1376,2018.01.19_07.57.04,15523.0,15523000.0,15.523
1377,2018.01.19_07.57.05,7135.0,7135000.0,7.135
1378,2018.01.19_07.57.06,3623.0,3623000.0,3.623
1379,2018.01.19_07.57.07,5815.0,5815000.0,5.815
1380,2018.01.19_07.57.08,6520.0,6520000.0,6.52
1381,2018.01.19_07.57.09,4037.0,4037000.0,4.037
1382,2018.01.19_07.57.10,5099.0,5099000.0,5.099
1383,2018.01.19_07.57.12,10602.0,10602000.0,10.602
1384,2018.01.19_07.57.13,23989.0,23989000.0,23.989
1385,2018.01.19_07.57.14,31248.0,31248000.0,31.248
1386,2018.01.19_07.57.15,17268.0,17268000.0,17.268
1387,2018.01.19_07.57.16,19225.0,19225000.0,19.225
1388,2018.01.19_07.57.17,23564.0,23564000.0,23.564
1389,2018.01.19_07.57.18,22681.0,22681000.0,22.681
1390,2018.01.19_07.57.19,45328.0,45328000.0,45.328
1391,2018.01.19_07.57.20,55953.0,55953000.0,55.953
1392,2018.01.19_07.57.22,32746.0,32746000.0,32.746
1393,2018.01.19_07.57.23,59387.0,59387000.0,59.387
1394,2018.01.19_07.57.24,59174.0,59174000.0,59.174
1395,2018.01.19_07.57.25,41313.0,41313000.0,41.313
1396,2018.01.19_07.57.26,53750.0,53750000.0,53.75
1397,2018.01.19_07.57.27,23329.0,23329000.0,23.329
1398,2018.01.19_07.57.28,19079.0,19079000.0,19.079
1399,2018.01.19_07.57.29,27713.0,27713000.0,27.713
1400,2018.01.19_07.57.30,30879.0,30879000.0,30.879
1401,2018.01.19_07.57.31,33742.0,33742000.0,33.742
1402,2018.01.19_07.57.32,31046.0,31046000.0,31.046
1403,2018.01.19_07.57.34,44780.0,44780000.0,44.78
1404,2018.01.19_07.57.35,43583.0,43583000.0,43.583
1405,2018.01.19_07.57.36,45641.0,45641000.0,45.641
1406,2018.01.19_07.57.37,41615.0,41615000.0,41.615
1407,2018.01.19_07.57.38,30968.0,30968000.0,30.968
1408,2018.01.19_07.57.39,30677.0,30677000.0,30.677
1409,2018.01.19_07.57.40,15389.0,15389000.0,15.389
1410,2018.01.19_07.57.41,26629.0,26629000.0,26.629
1411,2018.01.19_07.57.43,30778.0,30778000.0,30.778
1412,2018.01.19_07.57.44,37936.0,37936000.0,37.936
1413,2018.01.19_07.57.45,34692.0,34692000.0,34.692
1414,2018.01.19_07.57.46,13487.0,13487000.0,13.487
1415,2018.01.19_07.57.47,19862.0,19862000.0,19.862
1416,2018.01.19_07.57.48,17536.0,17536000.0,17.536
1417,2018.01.19_07.57.49,26506.0,26506000.0,26.506
1418,2018.01.19_07.57.50,31505.0,31505000.0,31.505
1419,2018.01.19_07.57.51,31471.0,31471000.0,31.471
1420,2018.01.19_07.57.52,27904.0,27904000.0,27.904
1421,2018.01.19_07.57.54,24560.0,24560000.0,24.56
1422,2018.01.19_07.57.55,18744.0,18744000.0,18.744
1423,2018.01.19_07.57.56,21775.0,21775000.0,21.775
1424,2018.01.19_07.57.57,18889.0,18889000.0,18.889
1425,2018.01.19_07.57.58,33496.0,33496000.0,33.496
1426,2018.01.19_07.57.59,27464.0,27464000.0,27.464
1427,2018.01.19_07.58.00,40575.0,40575000.0,40.575
1428,2018.01.19_07.58.01,25253.0,25253000.0,25.253
1429,2018.01.19_07.58.02,20354.0,20354000.0,20.354
1430,2018.01.19_07.58.03,15858.0,15858000.0,15.858
1431,2018.01.19_07.58.05,20802.0,20802000.0,20.802
1432,2018.01.19_07.58.06,34513.0,34513000.0,34.513
1433,2018.01.19_07.58.07,24806.0,24806000.0,24.806
1434,2018.01.19_07.58.08,20824.0,20824000.0,20.824
1435,2018.01.19_07.58.09,34334.0,34334000.0,34.334
1436,2018.01.19_07.58.10,39088.0,39088000.0,39.088
1437,2018.01.19_07.58.11,33876.0,33876000.0,33.876
1438,2018.01.19_07.58.12,33976.0,33976000.0,33.976
1439,2018.01.19_07.58.13,29044.0,29044000.0,29.044
1440,2018.01.19_07.58.14,25264.0,25264000.0,25.264
1441,2018.01.19_07.58.16,27546.0,27546000.0,27.546
1442,2018.01.19_07.58.17,17995.0,17995000.0,17.995
1443,2018.01.19_07.58.18,21887.0,21887000.0,21.887
1444,2018.01.19_07.58.19,16507.0,16507000.0,16.507
1445,2018.01.19_07.58.20,8689.0,8689000.0,8.689
1446,2018.01.19_07.58.21,19415.0,19415000.0,19.415
1447,2018.01.19_07.58.22,22021.0,22021000.0,22.021
1448,2018.01.19_07.58.23,19750.0,19750000.0,19.75
1449,2018.01.19_07.58.25,7403.0,7403000.0,7.403
1450,2018.01.19_07.58.26,12212.0,12212000.0,12.212
1451,2018.01.19_07.58.27,21585.0,21585000.0,21.585
1452,2018.01.19_07.58.28,22099.0,22099000.0,22.099
1453,2018.01.19_07.58.29,20019.0,20019000.0,20.019
1454,2018.01.19_07.58.30,9875.0,9875000.0,9.875
1455,2018.01.19_07.58.31,21271.0,21271000.0,21.271
1456,2018.01.19_07.58.32,20992.0,20992000.0,20.992
1457,2018.01.19_07.58.33,19471.0,19471000.0,19.471
1458,2018.01.19_07.58.35,10345.0,10345000.0,10.345
1459,2018.01.19_07.58.36,8209.0,8209000.0,8.209
1460,2018.01.19_07.58.37,8589.0,8589000.0,8.589
1461,2018.01.19_07.58.38,17782.0,17782000.0,17.782
1462,2018.01.19_07.58.39,15769.0,15769000.0,15.769
1463,2018.01.19_07.58.40,10635.0,10635000.0,10.635
1464,2018.01.19_07.58.41,19929.0,19929000.0,19.929
1465,2018.01.19_07.58.42,18308.0,18308000.0,18.308
1466,2018.01.19_07.58.43,21361.0,21361000.0,21.361
1467,2018.01.19_07.58.45,11150.0,11150000.0,11.15
1468,2018.01.19_07.58.46,7940.0,7940000.0,7.94
1469,2018.01.19_07.58.47,10233.0,10233000.0,10.233
1470,2018.01.19_07.58.48,12727.0,12727000.0,12.727
1471,2018.01.19_07.58.49,17312.0,17312000.0,17.312
1472,2018.01.19_07.58.50,11799.0,11799000.0,11.799
1473,2018.01.19_07.58.51,23911.0,23911000.0,23.911
1474,2018.01.19_07.58.52,30722.0,30722000.0,30.722
1475,2018.01.19_07.58.53,32030.0,32030000.0,32.03
1476,2018.01.19_07.58.55,14684.0,14684000.0,14.684
1477,2018.01.19_07.58.56,12604.0,12604000.0,12.604
1478,2018.01.19_07.58.57,18408.0,18408000.0,18.408
1479,2018.01.19_07.58.58,16787.0,16787000.0,16.787
1480,2018.01.19_07.58.59,22446.0,22446000.0,22.446
1481,2018.01.19_07.59.00,11016.0,11016000.0,11.016
1482,2018.01.19_07.59.01,13689.0,13689000.0,13.689
1483,2018.01.19_07.59.02,8209.0,8209000.0,8.209
1484,2018.01.19_07.59.03,11038.0,11038000.0,11.038
1485,2018.01.19_07.59.05,8779.0,8779000.0,8.779
1486,2018.01.19_07.59.06,11094.0,11094000.0,11.094
1487,2018.01.19_07.59.07,8757.0,8757000.0,8.757
1488,2018.01.19_07.59.08,7750.0,7750000.0,7.75
1489,2018.01.19_07.59.09,8141.0,8141000.0,8.141
1490,2018.01.19_07.59.10,9070.0,9070000.0,9.07
1491,2018.01.19_07.59.11,13051.0,13051000.0,13.051
1492,2018.01.19_07.59.12,15769.0,15769000.0,15.769
1493,2018.01.19_07.59.14,14035.0,14035000.0,14.035
1494,2018.01.19_07.59.15,9495.0,9495000.0,9.495
1495,2018.01.19_07.59.16,15568.0,15568000.0,15.568
1496,2018.01.19_07.59.17,19214.0,19214000.0,19.214
1497,2018.01.19_07.59.18,12805.0,12805000.0,12.805
1498,2018.01.19_07.59.19,14013.0,14013000.0,14.013
1499,2018.01.19_07.59.20,16585.0,16585000.0,16.585
1500,2018.01.19_07.59.21,16194.0,16194000.0,16.194
1501,2018.01.19_07.59.23,21842.0,21842000.0,21.842
1502,2018.01.19_07.59.24,17424.0,17424000.0,17.424
1503,2018.01.19_07.59.25,8701.0,8701000.0,8.701
1504,2018.01.19_07.59.26,4451.0,4451000.0,4.451
1505,2018.01.19_07.59.27,5692.0,5692000.0,5.692
1506,2018.01.19_07.59.28,8164.0,8164000.0,8.164
1507,2018.01.19_07.59.29,9662.0,9662000.0,9.662
1508,2018.01.19_07.59.30,16206.0,16206000.0,16.206
1509,2018.01.19_07.59.32,17156.0,17156000.0,17.156
1510,2018.01.19_07.59.33,18330.0,18330000.0,18.33
1511,2018.01.19_07.59.34,20556.0,20556000.0,20.556
1512,2018.01.19_07.59.35,18330.0,18330000.0,18.33
1513,2018.01.19_07.59.36,21943.0,21943000.0,21.943
1514,2018.01.19_07.59.37,15579.0,15579000.0,15.579
1515,2018.01.19_07.59.38,12235.0,12235000.0,12.235
1516,2018.01.19_07.59.40,11676.0,11676000.0,11.676
1517,2018.01.19_07.59.41,16876.0,16876000.0,16.876
1518,2018.01.19_07.59.42,17245.0,17245000.0,17.245
1519,2018.01.19_07.59.43,22401.0,22401000.0,22.401
1520,2018.01.19_07.59.44,48538.0,48538000.0,48.538
1521,2018.01.19_07.59.45,54779.0,54779000.0,54.779
1522,2018.01.19_07.59.46,62015.0,62015000.0,62.015
1523,2018.01.19_07.59.47,59442.0,59442000.0,59.442
1524,2018.01.19_07.59.48,62854.0,62854000.0,62.854
1525,2018.01.19_07.59.49,63133.0,63133000.0,63.133
1526,2018.01.19_07.59.51,25264.0,25264000.0,25.264
1527,2018.01.19_07.59.52,49936.0,49936000.0,49.936
1528,2018.01.19_07.59.53,48661.0,48661000.0,48.661
1529,2018.01.19_07.59.54,61478.0,61478000.0,61.478
1530,2018.01.19_07.59.55,30207.0,30207000.0,30.207
1531,2018.01.19_07.59.56,36817.0,36817000.0,36.817
1532,2018.01.19_07.59.57,38215.0,38215000.0,38.215
1533,2018.01.19_07.59.58,27300.0,27300000.0,27.3
1534,2018.01.19_07.59.59,25164.0,25164000.0,25.164
1535,2018.01.19_08.00.00,34547.0,34547000.0,34.547
1536,2018.01.19_08.00.01,20298.0,20298000.0,20.298
1537,2018.01.19_08.00.03,28653.0,28653000.0,28.653
1538,2018.01.19_08.00.04,27456.0,27456000.0,27.456
1539,2018.01.19_08.00.05,17055.0,17055000.0,17.055
1540,2018.01.19_08.00.06,4574.0,4574000.0,4.574
1541,2018.01.19_08.00.07,5875.0,5875000.0,5.875
1542,2018.01.19_08.00.08,13584.0,13584000.0,13.584
1543,2018.01.19_08.00.09,7269.0,7269000.0,7.269
1544,2018.01.19_08.00.10,14069.0,14069000.0,14.069
1545,2018.01.19_08.00.12,16954.0,16954000.0,16.954
1546,2018.01.19_08.00.13,19049.0,19049000.0,19.049
1547,2018.01.19_08.00.14,18979.0,18979000.0,18.979
1548,2018.01.19_08.00.15,14986.0,14986000.0,14.986
1549,2018.01.19_08.00.16,21808.0,21808000.0,21.808
1550,2018.01.19_08.00.17,24895.0,24895000.0,24.895
1551,2018.01.19_08.00.18,18744.0,18744000.0,18.744
1552,2018.01.19_08.00.19,12033.0,12033000.0,12.033
1553,2018.01.19_08.00.20,11676.0,11676000.0,11.676
1554,2018.01.19_08.00.22,25656.0,25656000.0,25.656
1555,2018.01.19_08.00.23,28765.0,28765000.0,28.765
1556,2018.01.19_08.00.24,34513.0,34513000.0,34.513
1557,2018.01.19_08.00.25,31807.0,31807000.0,31.807
1558,2018.01.19_08.00.26,19124.0,19124000.0,19.124
1559,2018.01.19_08.00.27,16104.0,16104000.0,16.104
1560,2018.01.19_08.00.28,19516.0,19516000.0,19.516
1561,2018.01.19_08.00.30,13163.0,13163000.0,13.163
1562,2018.01.19_08.00.31,12895.0,12895000.0,12.895
1563,2018.01.19_08.00.32,21562.0,21562000.0,21.562
1564,2018.01.19_08.00.33,11541.0,11541000.0,11.541
1565,2018.01.19_08.00.34,14844.0,14844000.0,14.844
1566,2018.01.19_08.00.35,18453.0,18453000.0,18.453
1567,2018.01.19_08.00.36,20265.0,20265000.0,20.265
1568,2018.01.19_08.00.37,24526.0,24526000.0,24.526
1569,2018.01.19_08.00.38,29156.0,29156000.0,29.156
1570,2018.01.19_08.00.40,32702.0,32702000.0,32.702
1571,2018.01.19_08.00.41,35207.0,35207000.0,35.207
1572,2018.01.19_08.00.42,21551.0,21551000.0,21.551
1573,2018.01.19_08.00.43,14103.0,14103000.0,14.103
1574,2018.01.19_08.00.44,10512.0,10512000.0,10.512
1575,2018.01.19_08.00.45,7571.0,7571000.0,7.571
1576,2018.01.19_08.00.46,11049.0,11049000.0,11.049
1577,2018.01.19_08.00.47,9752.0,9752000.0,9.752
1578,2018.01.19_08.00.48,13622.0,13622000.0,13.622
1579,2018.01.19_08.00.50,11910.0,11910000.0,11.91
1580,2018.01.19_08.00.51,11787.0,11787000.0,11.787
1581,2018.01.19_08.00.52,9528.0,9528000.0,9.528
1582,2018.01.19_08.00.53,10345.0,10345000.0,10.345
1583,2018.01.19_08.00.54,8645.0,8645000.0,8.645
1584,2018.01.19_08.00.55,9349.0,9349000.0,9.349
1585,2018.01.19_08.00.56,16854.0,16854000.0,16.854
1586,2018.01.19_08.00.57,21607.0,21607000.0,21.607
1587,2018.01.19_08.00.58,24593.0,24593000.0,24.593
1588,2018.01.19_08.01.00,31550.0,31550000.0,31.55
1589,2018.01.19_08.01.01,37511.0,37511000.0,37.511
1590,2018.01.19_08.01.02,23821.0,23821000.0,23.821
1591,2018.01.19_08.01.03,31874.0,31874000.0,31.874
1592,2018.01.19_08.01.04,42085.0,42085000.0,42.085
1593,2018.01.19_08.01.05,22234.0,22234000.0,22.234
1594,2018.01.19_08.01.06,17514.0,17514000.0,17.514
1595,2018.01.19_08.01.07,41918.0,41918000.0,41.918
1596,2018.01.19_08.01.08,41403.0,41403000.0,41.403
1597,2018.01.19_08.01.09,27680.0,27680000.0,27.68
1598,2018.01.19_08.01.11,31113.0,31113000.0,31.113
1599,2018.01.19_08.01.12,37276.0,37276000.0,37.276
1600,2018.01.19_08.01.13,28418.0,28418000.0,28.418
1601,2018.01.19_08.01.14,29794.0,29794000.0,29.794
1602,2018.01.19_08.01.15,28530.0,28530000.0,28.53
1603,2018.01.19_08.01.16,18263.0,18263000.0,18.263
1604,2018.01.19_08.01.17,19549.0,19549000.0,19.549
1605,2018.01.19_08.01.18,31941.0,31941000.0,31.941
1606,2018.01.19_08.01.19,25980.0,25980000.0,25.98
1607,2018.01.19_08.01.21,26103.0,26103000.0,26.103
1608,2018.01.19_08.01.22,33339.0,33339000.0,33.339
1609,2018.01.19_08.01.23,29838.0,29838000.0,29.838
1610,2018.01.19_08.01.24,12347.0,12347000.0,12.347
1611,2018.01.19_08.01.25,14662.0,14662000.0,14.662
1612,2018.01.19_08.01.26,19862.0,19862000.0,19.862
1613,2018.01.19_08.01.27,27590.0,27590000.0,27.59
1614,2018.01.19_08.01.28,33261.0,33261000.0,33.261
1615,2018.01.19_08.01.29,31561.0,31561000.0,31.561
1616,2018.01.19_08.01.30,32221.0,32221000.0,32.221
1617,2018.01.19_08.01.32,34804.0,34804000.0,34.804
1618,2018.01.19_08.01.33,20947.0,20947000.0,20.947
1619,2018.01.19_08.01.34,18017.0,18017000.0,18.017
1620,2018.01.19_08.01.35,29134.0,29134000.0,29.134
1621,2018.01.19_08.01.36,29950.0,29950000.0,29.95
1622,2018.01.19_08.01.37,20958.0,20958000.0,20.958
1623,2018.01.19_08.01.38,28675.0,28675000.0,28.675
1624,2018.01.19_08.01.39,33440.0,33440000.0,33.44
1625,2018.01.19_08.01.40,36582.0,36582000.0,36.582
1626,2018.01.19_08.01.41,28631.0,28631000.0,28.631
1627,2018.01.19_08.01.43,30386.0,30386000.0,30.386
1628,2018.01.19_08.01.44,33395.0,33395000.0,33.395
1629,2018.01.19_08.01.45,31885.0,31885000.0,31.885
1630,2018.01.19_08.01.46,24683.0,24683000.0,24.683
1631,2018.01.19_08.01.47,29514.0,29514000.0,29.514
1632,2018.01.19_08.01.48,19673.0,19673000.0,19.673
1633,2018.01.19_08.01.49,21909.0,21909000.0,21.909
1634,2018.01.19_08.01.50,29481.0,29481000.0,29.481
1635,2018.01.19_08.01.51,31236.0,31236000.0,31.236
1636,2018.01.19_08.01.52,33641.0,33641000.0,33.641
1637,2018.01.19_08.01.53,32992.0,32992000.0,32.992
1638,2018.01.19_08.01.55,26617.0,26617000.0,26.617
1639,2018.01.19_08.01.56,32992.0,32992000.0,32.992
1640,2018.01.19_08.01.57,39356.0,39356000.0,39.356
1641,2018.01.19_08.01.58,36180.0,36180000.0,36.18
1642,2018.01.19_08.01.59,32277.0,32277000.0,32.277
1643,2018.01.19_08.02.00,38495.0,38495000.0,38.495
1644,2018.01.19_08.02.01,37365.0,37365000.0,37.365
1645,2018.01.19_08.02.02,30632.0,30632000.0,30.632
1646,2018.01.19_08.02.03,36929.0,36929000.0,36.929
1647,2018.01.19_08.02.04,38685.0,38685000.0,38.685
1648,2018.01.19_08.02.05,36873.0,36873000.0,36.873
1649,2018.01.19_08.02.07,33160.0,33160000.0,33.16
1650,2018.01.19_08.02.08,37265.0,37265000.0,37.265
1651,2018.01.19_08.02.09,24705.0,24705000.0,24.705
1652,2018.01.19_08.02.10,27132.0,27132000.0,27.132
1653,2018.01.19_08.02.11,14091.0,14091000.0,14.091
1654,2018.01.19_08.02.12,16708.0,16708000.0,16.708
1655,2018.01.19_08.02.13,20992.0,20992000.0,20.992
1656,2018.01.19_08.02.14,18364.0,18364000.0,18.364
1657,2018.01.19_08.02.15,11284.0,11284000.0,11.284
1658,2018.01.19_08.02.16,7224.0,7224000.0,7.224
1659,2018.01.19_08.02.18,9674.0,9674000.0,9.674
1660,2018.01.19_08.02.19,10065.0,10065000.0,10.065
1661,2018.01.19_08.02.20,11877.0,11877000.0,11.877
1662,2018.01.19_08.02.21,14125.0,14125000.0,14.125
1663,2018.01.19_08.02.22,9718.0,9718000.0,9.718
1664,2018.01.19_08.02.23,7180.0,7180000.0,7.18
1665,2018.01.19_08.02.24,13297.0,13297000.0,13.297
1666,2018.01.19_08.02.26,26427.0,26427000.0,26.427
1667,2018.01.19_08.02.27,13219.0,13219000.0,13.219
1668,2018.01.19_08.02.28,20209.0,20209000.0,20.209
1669,2018.01.19_08.02.29,9819.0,9819000.0,9.819
1670,2018.01.19_08.02.30,7191.0,7191000.0,7.191
1671,2018.01.19_08.02.31,3220.0,3220000.0,3.22
1672,2018.01.19_08.02.32,11743.0,11743000.0,11.743
1673,2018.01.19_08.02.34,5536.0,5536000.0,5.536
1674,2018.01.19_08.02.35,13454.0,13454000.0,13.454
1675,2018.01.19_08.02.36,6632.0,6632000.0,6.632
1676,2018.01.19_08.02.37,7135.0,7135000.0,7.135
1677,2018.01.19_08.02.38,7705.0,7705000.0,7.705
1678,2018.01.19_08.02.39,7135.0,7135000.0,7.135
1679,2018.01.19_08.02.40,7247.0,7247000.0,7.247
1680,2018.01.19_08.02.42,14125.0,14125000.0,14.125
1681,2018.01.19_08.02.43,12157.0,12157000.0,12.157
1682,2018.01.19_08.02.44,18878.0,18878000.0,18.878
1683,2018.01.19_08.02.45,19695.0,19695000.0,19.695
1684,2018.01.19_08.02.46,17804.0,17804000.0,17.804
1685,2018.01.19_08.02.47,21260.0,21260000.0,21.26
1686,2018.01.19_08.02.48,18912.0,18912000.0,18.912
1687,2018.01.19_08.02.49,20231.0,20231000.0,20.231
1688,2018.01.19_08.02.50,27971.0,27971000.0,27.971
1689,2018.01.19_08.02.52,18397.0,18397000.0,18.397
1690,2018.01.19_08.02.53,21384.0,21384000.0,21.384
1691,2018.01.19_08.02.54,28373.0,28373000.0,28.373
1692,2018.01.19_08.02.55,28306.0,28306000.0,28.306
1693,2018.01.19_08.02.56,26204.0,26204000.0,26.204
1694,2018.01.19_08.02.57,29246.0,29246000.0,29.246
1695,2018.01.19_08.02.58,24056.0,24056000.0,24.056
1696,2018.01.19_08.02.59,20120.0,20120000.0,20.12
1697,2018.01.19_08.03.00,29548.0,29548000.0,29.548
1698,2018.01.19_08.03.02,14103.0,14103000.0,14.103
1699,2018.01.19_08.03.03,16642.0,16642000.0,16.642
1700,2018.01.19_08.03.04,15243.0,15243000.0,15.243
1701,2018.01.19_08.03.05,8824.0,8824000.0,8.824
1702,2018.01.19_08.03.06,18039.0,18039000.0,18.039
1703,2018.01.19_08.03.07,23452.0,23452000.0,23.452
1704,2018.01.19_08.03.08,19314.0,19314000.0,19.314
1705,2018.01.19_08.03.09,18811.0,18811000.0,18.811
1706,2018.01.19_08.03.10,20779.0,20779000.0,20.779
1707,2018.01.19_08.03.12,26248.0,26248000.0,26.248
1708,2018.01.19_08.03.13,27602.0,27602000.0,27.602
1709,2018.01.19_08.03.14,16887.0,16887000.0,16.887
1710,2018.01.19_08.03.15,9126.0,9126000.0,9.126
1711,2018.01.19_08.03.16,13711.0,13711000.0,13.711
1712,2018.01.19_08.03.17,25577.0,25577000.0,25.577
1713,2018.01.19_08.03.18,25857.0,25857000.0,25.857
1714,2018.01.19_08.03.19,14404.0,14404000.0,14.404
1715,2018.01.19_08.03.21,12011.0,12011000.0,12.011
1716,2018.01.19_08.03.22,13420.0,13420000.0,13.42
1717,2018.01.19_08.03.23,12190.0,12190000.0,12.19
1718,2018.01.19_08.03.24,14147.0,14147000.0,14.147
1719,2018.01.19_08.03.25,11989.0,11989000.0,11.989
1720,2018.01.19_08.03.26,18028.0,18028000.0,18.028
1721,2018.01.19_08.03.27,22971.0,22971000.0,22.971
1722,2018.01.19_08.03.28,31919.0,31919000.0,31.919
1723,2018.01.19_08.03.30,24190.0,24190000.0,24.19
1724,2018.01.19_08.03.31,29134.0,29134000.0,29.134
1725,2018.01.19_08.03.32,30934.0,30934000.0,30.934
1726,2018.01.19_08.03.33,28083.0,28083000.0,28.083
1727,2018.01.19_08.03.34,29257.0,29257000.0,29.257
1728,2018.01.19_08.03.35,19292.0,19292000.0,19.292
1729,2018.01.19_08.03.36,23464.0,23464000.0,23.464
1730,2018.01.19_08.03.37,31449.0,31449000.0,31.449
1731,2018.01.19_08.03.38,26517.0,26517000.0,26.517
1732,2018.01.19_08.03.39,21998.0,21998000.0,21.998
1733,2018.01.19_08.03.41,36336.0,36336000.0,36.336
1734,2018.01.19_08.03.42,37813.0,37813000.0,37.813
1735,2018.01.19_08.03.43,34413.0,34413000.0,34.413
1736,2018.01.19_08.03.44,53023.0,53023000.0,53.023
1737,2018.01.19_08.03.45,38282.0,38282000.0,38.282
1738,2018.01.19_08.03.46,61288.0,61288000.0,61.288
1739,2018.01.19_08.03.47,62675.0,62675000.0,62.675
1740,2018.01.19_08.03.48,65034.0,65034000.0,65.034
1741,2018.01.19_08.03.49,66488.0,66488000.0,66.488
1742,2018.01.19_08.03.50,66925.0,66925000.0,66.925
1743,2018.01.19_08.03.51,57027.0,57027000.0,57.027
1744,2018.01.19_08.03.52,55461.0,55461000.0,55.461
1745,2018.01.19_08.03.54,52352.0,52352000.0,52.352
1746,2018.01.19_08.03.55,38830.0,38830000.0,38.83
1747,2018.01.19_08.03.56,32757.0,32757000.0,32.757
1748,2018.01.19_08.03.57,33160.0,33160000.0,33.16
1749,2018.01.19_08.03.58,21920.0,21920000.0,21.92
1750,2018.01.19_08.03.59,27892.0,27892000.0,27.892
1751,2018.01.19_08.04.00,27389.0,27389000.0,27.389
1752,2018.01.19_08.04.01,16843.0,16843000.0,16.843
1753,2018.01.19_08.04.02,18699.0,18699000.0,18.699
1754,2018.01.19_08.04.04,14337.0,14337000.0,14.337
1755,2018.01.19_08.04.05,15635.0,15635000.0,15.635
1756,2018.01.19_08.04.06,21316.0,21316000.0,21.316
1757,2018.01.19_08.04.07,18632.0,18632000.0,18.632
1758,2018.01.19_08.04.08,24493.0,24493000.0,24.493
1759,2018.01.19_08.04.09,18598.0,18598000.0,18.598
1760,2018.01.19_08.04.10,25678.0,25678000.0,25.678
1761,2018.01.19_08.04.11,24649.0,24649000.0,24.649
1762,2018.01.19_08.04.12,25555.0,25555000.0,25.555
1763,2018.01.19_08.04.14,23140.0,23140000.0,23.14
1764,2018.01.19_08.04.15,24660.0,24660000.0,24.66
1765,2018.01.19_08.04.16,23687.0,23687000.0,23.687
1766,2018.01.19_08.04.17,23676.0,23676000.0,23.676
1767,2018.01.19_08.04.18,15512.0,15512000.0,15.512
1768,2018.01.19_08.04.19,19001.0,19001000.0,19.001
1769,2018.01.19_08.04.20,18229.0,18229000.0,18.229
1770,2018.01.19_08.04.21,23139.0,23139000.0,23.139
1771,2018.01.19_08.04.22,21909.0,21909000.0,21.909
1772,2018.01.19_08.04.24,19762.0,19762000.0,19.762
1773,2018.01.19_08.04.25,18028.0,18028000.0,18.028
1774,2018.01.19_08.04.26,24314.0,24314000.0,24.314
1775,2018.01.19_08.04.27,33686.0,33686000.0,33.686
1776,2018.01.19_08.04.28,12380.0,12380000.0,12.38
1777,2018.01.19_08.04.29,34334.0,34334000.0,34.334
1778,2018.01.19_08.04.30,48527.0,48527000.0,48.527
1779,2018.01.19_08.04.31,28530.0,28530000.0,28.53
1780,2018.01.19_08.04.32,27043.0,27043000.0,27.043
1781,2018.01.19_08.04.33,29145.0,29145000.0,29.145
1782,2018.01.19_08.04.35,33373.0,33373000.0,33.373
1783,2018.01.19_08.04.36,35341.0,35341000.0,35.341
1784,2018.01.19_08.04.37,31024.0,31024000.0,31.024
1785,2018.01.19_08.04.38,25264.0,25264000.0,25.264
1786,2018.01.19_08.04.39,19493.0,19493000.0,19.493
1787,2018.01.19_08.04.40,18308.0,18308000.0,18.308
1788,2018.01.19_08.04.41,15400.0,15400000.0,15.4
1789,2018.01.19_08.04.42,19348.0,19348000.0,19.348
1790,2018.01.19_08.04.43,9081.0,9081000.0,9.081
1791,2018.01.19_08.04.45,11776.0,11776000.0,11.776
1792,2018.01.19_08.04.46,11776.0,11776000.0,11.776
1793,2018.01.19_08.04.47,15825.0,15825000.0,15.825
1794,2018.01.19_08.04.48,12168.0,12168000.0,12.168
1795,2018.01.19_08.04.49,22144.0,22144000.0,22.144
1796,2018.01.19_08.04.50,21954.0,21954000.0,21.954
1797,2018.01.19_08.04.51,17435.0,17435000.0,17.435
1798,2018.01.19_08.04.52,11038.0,11038000.0,11.038
1799,2018.01.19_08.04.54,5323.0,5323000.0,5.323
1800,2018.01.19_08.04.55,8018.0,8018000.0,8.018
1801,2018.01.19_08.04.56,10233.0,10233000.0,10.233
1802,2018.01.19_08.04.57,15355.0,15355000.0,15.355
1803,2018.01.19_08.04.58,17122.0,17122000.0,17.122
1804,2018.01.19_08.04.59,16831.0,16831000.0,16.831
1805,2018.01.19_08.05.00,11966.0,11966000.0,11.966
1806,2018.01.19_08.05.01,9629.0,9629000.0,9.629
1807,2018.01.19_08.05.03,5077.0,5077000.0,5.077
1808,2018.01.19_08.05.04,6620.0,6620000.0,6.62
1809,2018.01.19_08.05.05,5122.0,5122000.0,5.122
1810,2018.01.19_08.05.06,6285.0,6285000.0,6.285
1811,2018.01.19_08.05.07,4943.0,4943000.0,4.943
1812,2018.01.19_08.05.08,5100.0,5100000.0,5.1
1813,2018.01.19_08.05.09,8969.0,8969000.0,8.969
1814,2018.01.19_08.05.10,6990.0,6990000.0,6.99
1815,2018.01.19_08.05.12,6922.0,6922000.0,6.922
1816,2018.01.19_08.05.13,8399.0,8399000.0,8.399
1817,2018.01.19_08.05.14,10960.0,10960000.0,10.96
1818,2018.01.19_08.05.15,6240.0,6240000.0,6.24
1819,2018.01.19_08.05.16,7291.0,7291000.0,7.291
1820,2018.01.19_08.05.17,5401.0,5401000.0,5.401
1821,2018.01.19_08.05.18,5401.0,5401000.0,5.401
1822,2018.01.19_08.05.18,5010.0,5010000.0,5.01
1823,2018.01.19_08.05.25,3749.0,3749000.0,3.749
1824,2018.01.19_08.05.26,5099.0,5099000.0,5.099
1825,2018.01.19_08.05.27,5536.0,5536000.0,5.536
1826,2018.01.19_08.05.29,5949.0,5949000.0,5.949
1827,2018.01.19_08.05.30,6196.0,6196000.0,6.196
1828,2018.01.19_08.05.31,10580.0,10580000.0,10.58
1829,2018.01.19_08.05.32,8980.0,8980000.0,8.98
1830,2018.01.19_08.05.33,11060.0,11060000.0,11.06
1831,2018.01.19_08.05.34,21775.0,21775000.0,21.775
1832,2018.01.19_08.05.35,10266.0,10266000.0,10.266
1833,2018.01.19_08.05.37,8097.0,8097000.0,8.097
1834,2018.01.19_08.05.38,3590.0,3590000.0,3.59
1835,2018.01.19_08.05.39,1957.0,1957000.0,1.957
1836,2018.01.19_08.05.40,7168.0,7168000.0,7.168
1837,2018.01.19_08.05.41,19762.0,19762000.0,19.762
1838,2018.01.19_08.05.42,21115.0,21115000.0,21.115
1839,2018.01.19_08.05.43,16876.0,16876000.0,16.876
1840,2018.01.19_08.05.44,17860.0,17860000.0,17.86
1841,2018.01.19_08.05.46,13241.0,13241000.0,13.241
1842,2018.01.19_08.05.47,11273.0,11273000.0,11.273
1843,2018.01.19_08.05.48,3534.0,3534000.0,3.534
1844,2018.01.19_08.05.49,4205.0,4205000.0,4.205
1845,2018.01.19_08.05.50,6632.0,6632000.0,6.632
1846,2018.01.19_08.05.51,6811.0,6811000.0,6.811
1847,2018.01.19_08.05.52,16127.0,16127000.0,16.127
1848,2018.01.19_08.05.53,6978.0,6978000.0,6.978
1849,2018.01.19_08.05.55,5245.0,5245000.0,5.245
1850,2018.01.19_08.05.56,8287.0,8287000.0,8.287
1851,2018.01.19_08.05.57,3109.0,3109000.0,3.109
1852,2018.01.19_08.05.57,3109.0,3109000.0,3.109
1853,2018.01.19_08.05.58,3601.0,3601000.0,3.601
1854,2018.01.19_08.05.59,3590.0,3590000.0,3.59
1855,2018.01.19_08.06.00,5580.0,5580000.0,5.58
1856,2018.01.19_08.06.01,8209.0,8209000.0,8.209
1857,2018.01.19_08.06.03,5256.0,5256000.0,5.256
1858,2018.01.19_08.06.04,11553.0,11553000.0,11.553
1859,2018.01.19_08.06.05,14953.0,14953000.0,14.953
1860,2018.01.19_08.06.06,6732.0,6732000.0,6.732
1861,2018.01.19_08.06.07,12705.0,12705000.0,12.705
1862,2018.01.19_08.06.08,14326.0,14326000.0,14.326
1863,2018.01.19_08.06.09,16988.0,16988000.0,16.988
1864,2018.01.19_08.06.10,15601.0,15601000.0,15.601
1865,2018.01.19_08.06.12,15916.0,15916000.0,15.916
1866,2018.01.19_08.06.13,18252.0,18252000.0,18.252
1867,2018.01.19_08.06.14,9450.0,9450000.0,9.45
1868,2018.01.19_08.06.15,12760.0,12760000.0,12.76
1869,2018.01.19_08.06.16,9517.0,9517000.0,9.517
1870,2018.01.19_08.06.17,12883.0,12883000.0,12.883
1871,2018.01.19_08.06.18,17402.0,17402000.0,17.402
1872,2018.01.19_08.06.19,16440.0,16440000.0,16.44
1873,2018.01.19_08.06.20,17055.0,17055000.0,17.055
1874,2018.01.19_08.06.22,22681.0,22681000.0,22.681
1875,2018.01.19_08.06.23,26953.0,26953000.0,26.953
1876,2018.01.19_08.06.24,18039.0,18039000.0,18.039
1877,2018.01.19_08.06.25,23173.0,23173000.0,23.173
1878,2018.01.19_08.06.26,15020.0,15020000.0,15.02
1879,2018.01.19_08.06.27,18006.0,18006000.0,18.006
1880,2018.01.19_08.06.28,17860.0,17860000.0,17.86
1881,2018.01.19_08.06.29,22792.0,22792000.0,22.792
1882,2018.01.19_08.06.30,32869.0,32869000.0,32.869
1883,2018.01.19_08.06.32,27926.0,27926000.0,27.926
1884,2018.01.19_08.06.33,25958.0,25958000.0,25.958
1885,2018.01.19_08.06.34,23464.0,23464000.0,23.464
1886,2018.01.19_08.06.35,23240.0,23240000.0,23.24
1887,2018.01.19_08.06.36,36113.0,36113000.0,36.113
1888,2018.01.19_08.06.37,29906.0,29906000.0,29.906
1889,2018.01.19_08.06.38,28809.0,28809000.0,28.809
1890,2018.01.19_08.06.39,28194.0,28194000.0,28.194
1891,2018.01.19_08.06.40,22032.0,22032000.0,22.032
1892,2018.01.19_08.06.41,25309.0,25309000.0,25.309
1893,2018.01.19_08.06.43,23497.0,23497000.0,23.497
1894,2018.01.19_08.06.44,27836.0,27836000.0,27.836
1895,2018.01.19_08.06.45,29324.0,29324000.0,29.324
1896,2018.01.19_08.06.46,26394.0,26394000.0,26.394
1897,2018.01.19_08.06.47,24157.0,24157000.0,24.157
1898,2018.01.19_08.06.48,31225.0,31225000.0,31.225
1899,2018.01.19_08.06.49,33227.0,33227000.0,33.227
1900,2018.01.19_08.06.50,22591.0,22591000.0,22.591
1901,2018.01.19_08.06.51,26371.0,26371000.0,26.371
1902,2018.01.19_08.06.52,21271.0,21271000.0,21.271
1903,2018.01.19_08.06.54,21093.0,21093000.0,21.093
1904,2018.01.19_08.06.55,23833.0,23833000.0,23.833
1905,2018.01.19_08.06.56,30017.0,30017000.0,30.017
1906,2018.01.19_08.06.57,31505.0,31505000.0,31.505
1907,2018.01.19_08.06.58,31740.0,31740000.0,31.74
1908,2018.01.19_08.06.59,29984.0,29984000.0,29.984
1909,2018.01.19_08.07.00,35442.0,35442000.0,35.442
1910,2018.01.19_08.07.01,34547.0,34547000.0,34.547
1911,2018.01.19_08.07.02,29525.0,29525000.0,29.525
1912,2018.01.19_08.07.03,39345.0,39345000.0,39.345
1913,2018.01.19_08.07.04,36851.0,36851000.0,36.851
1914,2018.01.19_08.07.06,39837.0,39837000.0,39.837
1915,2018.01.19_08.07.07,17681.0,17681000.0,17.681
1916,2018.01.19_08.07.08,19169.0,19169000.0,19.169
1917,2018.01.19_08.07.09,21450.0,21450000.0,21.45
1918,2018.01.19_08.07.10,19527.0,19527000.0,19.527
1919,2018.01.19_08.07.11,24190.0,24190000.0,24.19
1920,2018.01.19_08.07.12,12000.0,12000000.0,12.0
1921,2018.01.19_08.07.13,12179.0,12179000.0,12.179
1922,2018.01.19_08.07.14,21428.0,21428000.0,21.428
1923,2018.01.19_08.07.16,27635.0,27635000.0,27.635
1924,2018.01.19_08.07.17,25544.0,25544000.0,25.544
1925,2018.01.19_08.07.18,23777.0,23777000.0,23.777
1926,2018.01.19_08.07.19,27177.0,27177000.0,27.177
1927,2018.01.19_08.07.20,31449.0,31449000.0,31.449
1928,2018.01.19_08.07.21,32064.0,32064000.0,32.064
1929,2018.01.19_08.07.22,31550.0,31550000.0,31.55
1930,2018.01.19_08.07.23,16418.0,16418000.0,16.418
1931,2018.01.19_08.07.24,26125.0,26125000.0,26.125
1932,2018.01.19_08.07.25,32221.0,32221000.0,32.221
1933,2018.01.19_08.07.27,43192.0,43192000.0,43.192
1934,2018.01.19_08.07.28,45776.0,45776000.0,45.776
1935,2018.01.19_08.07.29,28194.0,28194000.0,28.194
1936,2018.01.19_08.07.30,30353.0,30353000.0,30.353
1937,2018.01.19_08.07.31,43338.0,43338000.0,43.338
1938,2018.01.19_08.07.32,38819.0,38819000.0,38.819
1939,2018.01.19_08.07.33,39110.0,39110000.0,39.11
1940,2018.01.19_08.07.34,38349.0,38349000.0,38.349
1941,2018.01.19_08.07.35,38909.0,38909000.0,38.909
1942,2018.01.19_08.07.36,49936.0,49936000.0,49.936
1943,2018.01.19_08.07.37,35565.0,35565000.0,35.565
1944,2018.01.19_08.07.39,26282.0,26282000.0,26.282
1945,2018.01.19_08.07.40,23352.0,23352000.0,23.352
1946,2018.01.19_08.07.41,20086.0,20086000.0,20.086
1947,2018.01.19_08.07.42,27523.0,27523000.0,27.523
1948,2018.01.19_08.07.43,31304.0,31304000.0,31.304
1949,2018.01.19_08.07.44,26438.0,26438000.0,26.438
1950,2018.01.19_08.07.45,20757.0,20757000.0,20.757
1951,2018.01.19_08.07.46,29268.0,29268000.0,29.268
1952,2018.01.19_08.07.47,32332.0,32332000.0,32.332
1953,2018.01.19_08.07.49,33988.0,33988000.0,33.988
1954,2018.01.19_08.07.50,33406.0,33406000.0,33.406
1955,2018.01.19_08.07.51,26819.0,26819000.0,26.819
1956,2018.01.19_08.07.52,31784.0,31784000.0,31.784
1957,2018.01.19_08.07.53,38170.0,38170000.0,38.17
1958,2018.01.19_08.07.54,35240.0,35240000.0,35.24
1959,2018.01.19_08.07.55,29201.0,29201000.0,29.201
1960,2018.01.19_08.07.56,25052.0,25052000.0,25.052
1961,2018.01.19_08.07.57,17638.0,17638000.0,17.638
1962,2018.01.19_08.07.58,24144.0,24144000.0,24.144
1963,2018.01.19_08.08.00,25052.0,25052000.0,25.052
1964,2018.01.19_08.08.01,30711.0,30711000.0,30.711
1965,2018.01.19_08.08.02,36873.0,36873000.0,36.873
1966,2018.01.19_08.08.03,31427.0,31427000.0,31.427
1967,2018.01.19_08.08.04,20153.0,20153000.0,20.153
1968,2018.01.19_08.08.05,28150.0,28150000.0,28.15
1969,2018.01.19_08.08.06,32299.0,32299000.0,32.299
1970,2018.01.19_08.08.07,31639.0,31639000.0,31.639
1971,2018.01.19_08.08.08,41761.0,41761000.0,41.761
1972,2018.01.19_08.08.10,43762.0,43762000.0,43.762
1973,2018.01.19_08.08.11,44680.0,44680000.0,44.68
1974,2018.01.19_08.08.12,33965.0,33965000.0,33.965
1975,2018.01.19_08.08.13,34614.0,34614000.0,34.614
1976,2018.01.19_08.08.14,25667.0,25667000.0,25.667
1977,2018.01.19_08.08.15,28295.0,28295000.0,28.295
1978,2018.01.19_08.08.16,32086.0,32086000.0,32.086
1979,2018.01.19_08.08.17,12033.0,12033000.0,12.033
1980,2018.01.19_08.08.18,29313.0,29313000.0,29.313
1981,2018.01.19_08.08.19,26461.0,26461000.0,26.461
1982,2018.01.19_08.08.21,27579.0,27579000.0,27.579
1983,2018.01.19_08.08.22,22524.0,22524000.0,22.524
1984,2018.01.19_08.08.23,32634.0,32634000.0,32.634
1985,2018.01.19_08.08.24,28597.0,28597000.0,28.597
1986,2018.01.19_08.08.25,26673.0,26673000.0,26.673
1987,2018.01.19_08.08.26,29033.0,29033000.0,29.033
1988,2018.01.19_08.08.27,30677.0,30677000.0,30.677
1989,2018.01.19_08.08.28,21260.0,21260000.0,21.26
1990,2018.01.19_08.08.29,17458.0,17458000.0,17.458
1991,2018.01.19_08.08.31,18006.0,18006000.0,18.006
1992,2018.01.19_08.08.32,13801.0,13801000.0,13.801
1993,2018.01.19_08.08.33,9394.0,9394000.0,9.394
1994,2018.01.19_08.08.34,8991.0,8991000.0,8.991
1995,2018.01.19_08.08.35,11161.0,11161000.0,11.161
1996,2018.01.19_08.08.36,13152.0,13152000.0,13.152
1997,2018.01.19_08.08.37,14986.0,14986000.0,14.986
1998,2018.01.19_08.08.38,11933.0,11933000.0,11.933
1999,2018.01.19_08.08.40,10937.0,10937000.0,10.937
2000,2018.01.19_08.08.41,14595.0,14595000.0,14.595
2001,2018.01.19_08.08.42,23821.0,23821000.0,23.821
2002,2018.01.19_08.08.43,32109.0,32109000.0,32.109
2003,2018.01.19_08.08.44,26617.0,26617000.0,26.617
